-- phpMyAdmin SQL Dump
-- version 5.1.1
-- https://www.phpmyadmin.net/
--
-- Host: 127.0.0.1
-- Generation Time: Sep 10, 2022 at 05:40 PM
-- Server version: 10.4.20-MariaDB
-- PHP Version: 8.0.8

SET SQL_MODE = "NO_AUTO_VALUE_ON_ZERO";
START TRANSACTION;
SET time_zone = "+00:00";


/*!40101 SET @OLD_CHARACTER_SET_CLIENT=@@CHARACTER_SET_CLIENT */;
/*!40101 SET @OLD_CHARACTER_SET_RESULTS=@@CHARACTER_SET_RESULTS */;
/*!40101 SET @OLD_COLLATION_CONNECTION=@@COLLATION_CONNECTION */;
/*!40101 SET NAMES utf8mb4 */;

--
-- Database: `mypharmacy_db`
--

-- --------------------------------------------------------

--
-- Table structure for table `cart`
--

CREATE TABLE `cart` (
  `id` int(11) NOT NULL,
  `user_id` int(11) NOT NULL,
  `prod_id` int(11) NOT NULL,
  `quantity` int(11) NOT NULL,
  `price` decimal(10,2) NOT NULL
) ENGINE=InnoDB DEFAULT CHARSET=latin1;

-- --------------------------------------------------------

--
-- Table structure for table `category`
--

CREATE TABLE `category` (
  `cat_id` int(11) NOT NULL,
  `cat_name` varchar(30) NOT NULL
) ENGINE=InnoDB DEFAULT CHARSET=latin1;

--
-- Dumping data for table `category`
--

INSERT INTO `category` (`cat_id`, `cat_name`) VALUES
(1, 'Tablet '),
(2, 'Syrup'),
(3, 'suppository'),
(4, 'injection'),
(5, 'infusion'),
(6, 'capsules'),
(7, 'powder'),
(8, 'ointment'),
(9, 'solution'),
(10, 'suspension'),
(11, 'inhaler '),
(12, 'pessery'),
(13, 'Cream');

-- --------------------------------------------------------

--
-- Table structure for table `expense`
--

CREATE TABLE `expense` (
  `expense_id` int(11) NOT NULL,
  `type` varchar(50) NOT NULL,
  `details` varchar(100) NOT NULL,
  `user_id` int(11) NOT NULL,
  `amount` decimal(10,2) NOT NULL,
  `date_added` varchar(50) NOT NULL
) ENGINE=InnoDB DEFAULT CHARSET=utf8mb4;

-- --------------------------------------------------------

--
-- Table structure for table `logs`
--

CREATE TABLE `logs` (
  `id` int(30) NOT NULL,
  `user_id` int(30) NOT NULL,
  `action_made` text NOT NULL,
  `date_created` datetime NOT NULL DEFAULT current_timestamp()
) ENGINE=InnoDB DEFAULT CHARSET=utf8mb4;

--
-- Dumping data for table `logs`
--

INSERT INTO `logs` (`id`, `user_id`, `action_made`, `date_created`) VALUES
(23, 1, 'Logged in the system.', '2022-08-11 05:53:40'),
(24, 1, 'Logged out.', '2022-08-11 05:57:25'),
(25, 1, 'Logged in the system.', '2022-08-11 06:14:35'),
(26, 1, ' updated the details of [id=353] [name=100s SOLUBLE ASPIRIN 75MG per Blister] product .', '2022-08-11 06:17:45'),
(27, 1, ' added stock of [id=] [total cost=9416.5] into the stock list.', '2022-08-11 06:32:38'),
(28, 1, ' added stock of [id=] [total cost=9416.5] into the stock list.', '2022-08-11 06:33:02'),
(29, 1, ' added stock of [id=2208008] [total cost=9416.5] into the stock list.', '2022-08-11 06:34:43'),
(30, 1, ' added stock of [id=2208009] [total cost=421.4] into the stock list.', '2022-08-11 06:38:53'),
(45, 1, 'Delete a Transaction of [invoice=2208090002] [total amount=190.00] from the transaction list.', '2022-08-11 11:47:37'),
(46, 1, ' Changed the price [id=4] PYLIN CAPS.', '2022-08-11 12:54:05'),
(47, 1, ' Made sales  of [id=2208110001] [amount=162.00].', '2022-08-11 13:07:01'),
(48, 1, 'Logged out.', '2022-08-11 13:08:14'),
(49, 8, 'Logged in the system.', '2022-08-11 13:08:27'),
(50, 8, ' Made sales  of [invoice=2208110002] [amount=293.00].', '2022-08-11 13:09:48'),
(51, 8, 'Logged out.', '2022-08-11 13:15:46'),
(52, 1, 'Logged in the system.', '2022-08-11 13:15:57'),
(53, 1, 'Logged in the system.', '2022-08-11 19:38:29'),
(54, 1, '', '2022-08-11 19:40:13'),
(55, 1, '', '2022-08-11 19:40:51'),
(56, 1, '', '2022-08-11 19:41:41'),
(57, 1, '', '2022-08-11 19:43:46'),
(58, 1, '', '2022-08-11 19:43:57'),
(59, 1, ' Made sales  of [invoice=2208110003] [amount=].', '2022-08-11 19:43:59'),
(60, 1, 'Logged in the system.', '2022-08-11 20:00:44'),
(61, 1, '', '2022-08-11 20:01:01'),
(62, 1, '', '2022-08-11 20:01:16'),
(63, 1, ' Made sales  of [invoice=2208110004] [amount=].', '2022-08-11 20:01:19'),
(64, 1, '', '2022-08-11 20:04:02'),
(65, 1, '', '2022-08-11 20:04:05'),
(66, 1, '', '2022-08-11 20:04:52'),
(67, 1, ' Made sales  of [invoice=2208110005].', '2022-08-11 20:04:56'),
(68, 1, '', '2022-08-11 20:05:38'),
(69, 1, '', '2022-08-11 20:06:54'),
(70, 1, '', '2022-08-11 20:13:03'),
(71, 1, '', '2022-08-11 20:13:13'),
(72, 1, '', '2022-08-11 20:14:02'),
(73, 1, '', '2022-08-11 20:14:17'),
(74, 1, 'Logged out.', '2022-08-11 20:20:03'),
(75, 1, 'Logged in the system.', '2022-08-11 20:20:13'),
(76, 1, 'Logged out.', '2022-08-11 20:40:07'),
(77, 1, 'Logged in the system.', '2022-08-11 20:56:20'),
(78, 1, 'Deleted a Transaction of [invoice=2208110005] [total amount=0.00] from the transaction list.', '2022-08-11 20:59:30'),
(79, 1, 'Deleted a Transaction of [invoice=2208110003] [total amount=0.00] from the transaction list.', '2022-08-11 20:59:50'),
(80, 1, 'Deleted a Transaction of [invoice=2208110004] [total amount=0.00] from the transaction list.', '2022-08-11 21:00:00'),
(81, 1, 'Logged out.', '2022-08-11 21:32:58'),
(82, 1, 'Logged in the system.', '2022-08-11 22:05:32'),
(83, 1, 'Logged out.', '2022-08-12 04:29:42'),
(84, 1, 'Logged in the system.', '2022-08-12 04:29:55'),
(90, 21, 'Logged out.', '2022-08-13 09:32:32'),
(91, 1, 'Logged in the system.', '2022-08-13 09:32:45'),
(92, 1, ' added stock of [id=2208010] [total cost=3650] into the stock list.', '2022-08-13 09:32:57'),
(93, 1, ' added stock of [id=2208011] [total cost=3650] into the stock list.', '2022-08-13 09:33:20'),
(94, 1, 'Added stock of [id=2208012] [total cost=3650] into the stock list.', '2022-08-13 09:38:24'),
(95, 1, 'Added stock of [id=2208013] [total cost=3824.5] into the stock list.', '2022-08-13 09:42:00'),
(96, 1, 'Added stock of [id=2208014] [total cost=1625] into the stock list.', '2022-08-13 09:46:47'),
(97, 1, 'Logged out.', '2022-08-13 11:02:36'),
(98, 1, 'Logged in the system.', '2022-08-13 11:03:31'),
(99, 1, 'Deleted a Transaction of [invoice=2208150001] [total amount=38.00] from the transaction list.', '2022-08-15 03:04:50'),
(100, 1, ' Made sales  of [invoice=2208150001] [amount=196.00].', '2022-08-15 03:10:10'),
(101, 1, 'Logged in the system.', '2022-08-19 07:29:37'),
(102, 1, 'Logged in the system.', '2022-08-19 15:46:48'),
(103, 1, ' Made sales  of [invoice=2208190001] [amount=44.00].', '2022-08-19 15:48:27'),
(104, 1, 'Logged out.', '2022-08-19 16:39:37'),
(105, 1, 'Logged in the system.', '2022-08-19 16:40:38'),
(106, 1, ' Made sales  of [invoice=2208190002] [amount=508.00].', '2022-08-19 16:54:53'),
(107, 1, 'Logged out.', '2022-08-19 16:58:28'),
(108, 1, 'Logged in the system.', '2022-08-19 18:28:32'),
(109, 1, 'Deleted a Transaction of [invoice=2208120001] [total amount=470.00] from the transaction list.', '2022-08-19 18:31:32'),
(110, 1, ' added stock of [id=2208015] [total cost=0] into the stock list.', '2022-08-19 18:38:10'),
(111, 1, 'Logged in the system.', '2022-08-20 07:07:30'),
(112, 1, ' updated the details of [id=721] [name=10CC SYRINGE & NEEDLE] product .', '2022-08-20 07:54:34'),
(113, 1, 'Logged out.', '2022-08-20 11:22:56'),
(114, 1, 'Logged in the system.', '2022-08-20 11:28:31'),
(115, 1, 'Logged in the system.', '2022-08-20 14:11:00'),
(116, 1, '', '2022-08-20 16:49:06'),
(117, 1, '', '2022-08-20 16:49:22'),
(118, 1, '', '2022-08-20 16:54:56'),
(119, 1, '', '2022-08-20 16:54:57'),
(120, 1, '', '2022-08-20 16:55:03'),
(121, 1, '', '2022-08-20 16:59:59'),
(122, 1, '', '2022-08-20 17:00:01'),
(123, 1, ' added stock of [id=2208016] [total cost=8460] into the stock list.', '2022-08-20 17:05:38'),
(124, 1, ' added stock of [id=2208015] [total cost=6867.41] into the stock list.', '2022-08-20 17:08:10'),
(125, 1, ' added stock of [id=2208017] [total cost=271.45] into the stock list.', '2022-08-20 17:53:32'),
(126, 1, ' added stock of [id=2208018] [total cost=462.77] into the stock list.', '2022-08-20 20:51:05'),
(127, 1, 'Logged in the system.', '2022-08-30 12:38:00'),
(128, 1, 'Logged in the system.', '2022-09-01 12:26:29'),
(129, 1, 'Logged in the system.', '2022-09-03 13:23:40'),
(130, 1, 'Logged out.', '2022-09-03 13:35:09'),
(131, 8, 'Logged in the system.', '2022-09-03 13:35:18'),
(132, 8, 'Logged out.', '2022-09-08 05:46:00'),
(133, 1, 'Logged in the system.', '2022-09-08 05:46:14'),
(134, 1, ' Made sales  of [invoice=2209080001] [amount=].', '2022-09-08 06:49:27'),
(135, 0, ' Edited sales  of [invoice=14] [amount=162.00].', '2022-09-08 06:58:54'),
(136, 0, ' Edited sales  of [invoice=14] [amount=162.00].', '2022-09-08 06:59:06'),
(137, 1, ' Edited sales  of [invoice=14] [amount=162.00].', '2022-09-08 08:40:56'),
(138, 1, ' Edited sales  of [invoice=14] [amount=384.00].', '2022-09-08 08:41:58'),
(139, 1, ' Edited sales  of [invoice=14] [amount=350.00].', '2022-09-08 08:45:23'),
(140, 1, ' Edited sales  of [invoice=14] [amount=768.00].', '2022-09-08 08:46:29'),
(141, 1, ' Made sales  of [invoice=2209080002] [amount=102.00].', '2022-09-08 08:48:13'),
(142, 1, ' Edited sales  of [invoice=27] [amount=166.00].', '2022-09-08 08:49:10'),
(143, 1, ' Edited sales  of [invoice=13] [amount=432.00].', '2022-09-08 08:56:31'),
(144, 1, ' Edited sales  of [invoice=12] [amount=282.00].', '2022-09-08 20:48:13'),
(145, 1, ' Edited sales  of [invoice=23] [amount=358.00].', '2022-09-08 20:51:01'),
(146, 1, ' Edited sales  of [invoice=11] [amount=307.50].', '2022-09-08 20:56:37'),
(147, 1, ' Made sales  of [invoice=2209080003] [amount=352.00].', '2022-09-08 20:57:35'),
(148, 1, ' Edited sales  of [invoice=28] [amount=164.00].', '2022-09-08 20:58:04'),
(149, 1, ' Made sales  of [invoice=2209080004] [amount=25.00].', '2022-09-08 21:08:11'),
(150, 1, ' Edited sales  of [invoice=29] [amount=25.00].', '2022-09-08 21:10:34'),
(151, 1, 'Logged in the system.', '2022-09-10 14:54:56'),
(152, 1, 'Logged out.', '2022-09-10 15:28:44'),
(153, 8, 'Logged in the system.', '2022-09-10 15:28:58'),
(154, 8, ' Made sales  of [invoice=2209100001] [amount=98.00].', '2022-09-10 15:32:59'),
(155, 8, ' Made sales  of [invoice=2209100002] [amount=132.00].', '2022-09-10 15:33:39');

-- --------------------------------------------------------

--
-- Table structure for table `product`
--

CREATE TABLE `product` (
  `prod_name` varchar(100) NOT NULL,
  `prod_desc` varchar(500) NOT NULL,
  `prod_price` decimal(10,2) NOT NULL,
  `prod_wprice` decimal(10,2) NOT NULL,
  `prod_cprice` decimal(10,2) NOT NULL,
  `cat_id` int(11) NOT NULL,
  `prod_qty` int(11) NOT NULL,
  `branch_id` int(11) NOT NULL,
  `reorder` int(11) NOT NULL,
  `serial` varchar(11) NOT NULL,
  `exdate` varchar(50) NOT NULL,
  `exdate2` varchar(50) NOT NULL,
  `measure` varchar(10) NOT NULL,
  `prod_id` int(11) NOT NULL
) ENGINE=InnoDB DEFAULT CHARSET=latin1;

--
-- Dumping data for table `product`
--

INSERT INTO `product` (`prod_name`, `prod_desc`, `prod_price`, `prod_wprice`, `prod_cprice`, `cat_id`, `prod_qty`, `branch_id`, `reorder`, `serial`, `exdate`, `exdate2`, `measure`, `prod_id`) VALUES
('EVECARE  CAPS', '', '18.00', '16.00', '15.00', 1, 3265, 1, 2, 'SKU1001', '2022-08-16', '2022-07-16', '100 CAPS', 1),
('LIV 52 CAPS', 'HIMALAYA', '60.00', '32.88', '38.00', 1, 25801, 1, 4, 'SKU1002', '2022-08-18', '2022-07-18', '100 CAPS', 2),
('PILEX CAPS  -HIMALAYA', '', '38.00', '27.59', '27.59', 1, 3329, 1, 1, 'SKU1003', '2022-08-26', '2022-07-26', '100 CAPS', 3),
('PYLIN CAPS', 'DR GOOD', '64.00', '47.00', '47.00', 1, 2409, 1, 3, 'SKU1004', '2022-08-31', '2022-07-31', '100 CAPS', 4),
('TENOFOVIR CAPS', 'BHARAT/LAVINA', '94.00', '68.50', '68.50', 1, 9335, 1, 0, 'SKU1005', '2024-02-01', '2024-01-01', '30 CAPS', 5),
('PILEX OINTMENT -  HIMALAYA', '', '34.00', '22.26', '22.26', 1, 10, 1, 1, 'SKU1006', '2023-06-01', '2024-02-01', '30g', 6),
('PHLEBODIA TABS', 'INNOTHERA', '75.00', '56.00', '56.00', 1, 123, 1, 1, 'SKU1007', '2022-08-26', '2024-02-01', '15 TABS', 7),
('COLDRILIF CAPS - ENTRANCE', '', '5.00', '3.60', '3.60', 1, 94, 1, 3, 'SKU1008', '2023-01-02', '2024-02-01', '10 TABS', 8),
('FLUREST TABS', 'LUEX', '20.00', '15.00', '15.00', 1, 761, 1, 7, 'SKU1009', '2023-04-01', '2024-02-01', '10 TABS', 9),
('CONGESTYL TABS', '', '9.00', '6.50', '6.50', 1, 91, 1, 10, 'SKU1010', '2023-12-01', '2024-02-01', '10', 10),
('COLD & CAT. TABS - STOPKOF ECL', '', '7.00', '4.89', '4.89', 1, 98, 1, 4, 'SKU1011', '2023-01-01', '2024-02-01', '12 TABS', 11),
('LEMSIP COLD & FLU. / sachet', '', '4.00', '3.00', '3.00', 1, 96, 1, 0, 'SKU1012', '2023-05-01', '2024-02-01', 'SACHET', 12),
('STREPSILS LOZENGES / tab', '', '1.50', '0.91', '0.91', 1, 93, 1, 12, 'SKU1013', '2024-12-01', '2024-02-01', '1TAB', 13),
('FISHERMAN FRIEND', 'LEUX', '9.00', '5.75', '5.75', 1, 100, 1, 3, 'SKU1014', '2024-01-01', '2024-02-01', '24 TABS', 14),
('DECATYLEN LOZENGES', 'ACINO', '1.20', '1.00', '1.00', 2, 92, 1, 10, 'SKU1015', '2022-05-01', '2024-02-01', '1', 15),
('SAMALIN / MALIN TABS', 'ALL', '3.00', '2.10', '2.10', 1, 87, 1, 5, 'SKU1016', '2024-01-01', '2024-02-01', 'PACK', 16),
('KLARO CARBXYMETHYL EYE DROPS', '', '7.00', '4.60', '4.60', 1, 100, 1, 1, 'SKU1017', '2023-03-01', '2024-02-01', '3 TABS', 17),
('CIPROLEX TZ LUEX', '', '34.00', '25.00', '25.00', 1, 95, 1, 3, 'SKU1018', '2023-11-01', '2024-02-01', '14 TABS', 18),
('AZITHROMYCIN TAB ZYMAX 250', '', '8.00', '5.98', '5.98', 1, 95, 1, 7, 'SKU1019', '2024-11-01', '2024-02-01', '6 TABS', 19),
('AZITHROMYCIN TAB ZYMAX 500', '', '15.00', '10.98', '10.98', 1, 94, 1, 3, 'SKU1020', '2024-08-01', '2024-02-01', '3 TABS', 20),
('SULPHUR OINTMENT', '', '8.50', '6.21', '6.21', 1, 95, 1, 1, 'SKU1021', '2024-05-01', '2024-02-01', '10 TABS', 21),
('CEFUROXIME TABLET ENACEF 250', '', '19.00', '13.98', '13.98', 1, 95, 1, 7, 'SKU1022', '2022-06-01', '2024-02-01', '10TABS', 22),
('CEFUROXIME TABLETS ENACEF 500', '', '34.00', '24.98', '24.98', 1, 99, 1, 3, 'SKU1023', '2024-07-01', '2024-02-01', '10TABS', 23),
('CEFIXIME  TAB PACK ENAFIX 200', '', '15.00', '9.80', '9.80', 1, 95, 1, 7, 'SKU1024', '2024-10-01', '2024-02-01', '10TABS', 24),
('CEFUROXIME PACK ZINNAT 500', '', '120.00', '82.02', '82.02', 1, 96, 1, 3, 'SKU1025', '2023-09-01', '2024-02-01', '10TABS', 25),
('CEFUROXIME 250 EXCINATE 250', '', '26.00', '18.98', '18.98', 1, 100, 1, 5, 'SKU1026', '2023-04-01', '2024-02-01', '10TABS', 26),
('AMARYL TABS 4MG', '', '160.00', '119.51', '119.51', 1, 100, 1, 0, 'SKU1027', '2024-02-01', '2024-02-01', '14 TABS', 27),
('COTTON BUNDLE 200G', '', '12.00', '7.00', '7.00', 1, 95, 1, 1, 'SKU1028', '2024-02-01', '2024-02-01', '10TABS', 28),
('AMOKSIKLAV 625 TABS UK- LEK', '', '33.00', '22.10', '22.10', 1, 100, 1, 3, 'SKU1029', '2023-03-03', '2024-02-01', '10 TABS', 29),
('AMOXICLAV 625MG AUGMENTIN', '', '98.00', '72.64', '72.64', 2, 94, 1, 1, 'SKU1030', '2023-04-01', '2024-02-01', '14 TABS', 30),
('AMOXICLAV 625 TAB NOVAMENTIN', '', '18.00', '11.56', '11.56', 2, 100, 1, 5, 'SKU1031', '2023-02-01', '2024-02-01', '14 TABS', 31),
('TAB 250 -  AZITHROMYCIN TAB - AZITEX', '', '14.00', '7.33', '7.33', 1, 100, 1, 1, 'SKU1032', '2024-08-01', '2024-02-01', '10', 32),
('EXETER DOXYCYCLINE CAPS per STRIP -', '', '14.00', '9.90', '9.90', 1, 100, 1, 5, 'SKU1033', '2024-03-01', '2024-02-01', '10', 33),
('DOXYCYCLINE  ECL Local per STRIP -', '', '3.00', '2.20', '2.20', 1, 98, 1, 10, 'SKU1034', '2023-09-01', '2024-02-01', '10', 34),
('CLINDAMYCIN CAPS per CAPS - ENACIN', '', '1.20', '0.96', '0.96', 1, 100, 1, 50, 'SKU1035', '2022-11-01', '2024-02-01', '10', 35),
('LONART SUSPENSION', '', '16.00', '11.80', '11.80', 1, 100, 1, 1, 'SKU1036', '2023-03-01', '2024-02-01', '100ML', 36),
('LUFART SUSPENSION', '', '13.00', '9.50', '9.50', 1, 100, 1, 2, 'SKU1037', '2024-04-01', '2024-02-01', '100ML', 37),
('NOVAMETHER SUSPENSION', '', '7.00', '4.38', '4.38', 1, 100, 1, 2, 'SKU1038', '2023-12-01', '2024-02-01', '60ML', 38),
('MALAR 2 SUSPENSION', '', '10.00', '6.98', '6.98', 1, 100, 1, 5, 'SKU1039', '2023-06-01', '2024-02-01', '60', 39),
('ROOTER HERB. MIXTER', '', '10.00', '6.90', '6.90', 1, 100, 1, 4, 'SKU1040', '2024-02-01', '2024-02-01', '100', 40),
('TAABEA HERB. MIXTURE', '', '14.00', '10.00', '10.00', 1, 97, 1, 4, 'SKU1041', '2023-01-01', '2024-02-01', '700', 41),
('OSTEOCARE LIQIUD 200ML', '', '43.00', '31.92', '31.92', 1, 100, 1, 0, 'SKU1042', '2023-01-01', '2024-02-01', '500', 42),
('TINATETT VENECARE 750ML', '', '34.00', '24.14', '24.14', 1, 100, 1, 1, 'SKU1043', '2023-09-01', '2024-02-01', '200', 43),
('LIVING BITTERS TONIC', '', '20.00', '14.46', '14.46', 1, 100, 1, 4, 'SKU1044', '2023-01-01', '2024-02-01', '200', 44),
('LIVING BITTERS CAPS', '', '28.00', '20.70', '20.70', 1, 100, 1, 3, 'SKU1045', '2023-06-01', '2024-02-01', '20', 45),
('LAWSON HERBAL MIXTURE', '', '14.00', '9.20', '9.20', 1, 100, 1, 0, 'SKU1046', '2023-01-01', '2024-02-01', '100', 46),
('IMPRESSOR CAPS', '', '60.00', '44.00', '44.00', 1, 100, 1, 4, 'SKU1047', '2023-12-20', '2024-02-01', '30 CAPS', 47),
('IMPRESSOR OIL', '', '60.00', '44.00', '44.00', 1, 100, 1, 4, 'SKU1048', '2023-12-31', '2024-02-01', '70ML', 48),
('RAKSON CAPS', '', '5.00', '3.00', '3.00', 1, 100, 1, 5, 'SKU1049', '2024-12-01', '2024-02-01', '10', 49),
('ADOM KOO CAPS', '', '18.00', '13.50', '13.50', 1, 100, 1, 5, 'SKU1050', '2023-03-01', '2024-02-01', '30', 50),
('ECL PIRITON SYRUP - C PHENIRAMINE', '', '5.00', '3.20', '3.20', 1, 100, 1, 5, 'SKU1051', '2023-06-01', '2024-02-01', '100ML', 51),
('CONGESTYL SYRUP - MEYER', '', '14.00', '10.27', '10.27', 1, 100, 1, 5, 'SKU1052', '2023-11-01', '2024-02-01', '100ML', 52),
('HISTAZINE SYRUP', 'ECL', '5.50', '3.98', '3.98', 1, 100, 1, 3, 'SKU1053', '2023-03-01', '2024-02-01', '100ML', 53),
('CETRIZINE SYRUP', 'EXETER', '8.00', '5.50', '5.50', 1, 100, 1, 5, 'SKU1054', '2024-09-01', '2024-02-01', '100ML', 54),
('COLDRILIF SYRUP - ENTRANCE', '', '7.50', '5.00', '5.00', 1, 100, 1, 5, 'SKU1055', '2023-05-01', '2024-02-01', '100ML', 55),
('BASECOLD SYRUP 3+', '', '7.00', '5.00', '5.00', 1, 100, 1, 1, 'SKU1056', '2024-04-01', '2024-02-01', '100', 56),
('KOFOL SYRUP', '', '16.00', '12.00', '12.00', 1, 96, 1, 0, 'SKU1057', '2024-01-01', '2024-02-01', '100', 57),
('ACTIFIED 60MG- GSK', '', '20.00', '15.00', '15.00', 1, 100, 1, 1, 'SKU1058', '2023-05-01', '2024-02-01', '100', 58),
('HONEYKOF HERBAL SYRUP', '', '12.00', '8.60', '8.60', 1, 100, 1, 3, 'SKU1059', '2024-04-01', '2024-02-01', '100', 59),
('FLEMEX JNR SYRUP', '', '8.00', '5.60', '5.60', 1, 96, 1, 5, 'SKU1060', '2022-11-01', '2024-02-01', '100', 60),
('BABY COUGH LINCTUS ECL', '', '7.00', '5.04', '5.04', 1, 100, 1, 5, 'SKU1061', '2023-03-01', '2024-02-01', '100', 61),
('CHESTY COUGH SYRUP - LUEX', '', '14.00', '9.90', '9.90', 1, 100, 1, 5, 'SKU1062', '2023-05-01', '2024-02-01', '100', 62),
('BELLS CHILDREN COUGH SYRUP', '', '16.00', '10.90', '10.90', 1, 100, 1, 2, 'SKU1063', '2023-05-01', '2024-02-01', '100', 63),
('BELLS BABY COUGH SYRUP', '', '20.00', '11.40', '11.40', 1, 100, 1, 5, 'SKU1064', '2023-05-01', '2024-02-01', '100', 64),
('TEETHING SYRUP ERNEST', '', '11.00', '7.98', '7.98', 1, 100, 1, 2, 'SKU1065', '2024-12-01', '2024-02-01', '100', 65),
('BELLS TEETHING MIXTURE', 'BELLS', '23.00', '15.80', '15.80', 1, 100, 1, 1, 'SKU1066', '2023-07-01', '2024-02-01', '100', 66),
('TEEDAR SYRUP', '', '10.00', '7.00', '7.00', 1, 100, 1, 1, 'SKU1067', '2024-02-01', '2024-02-01', '100', 67),
('CAFALGIN JNR SYRUP', '', '10.00', '6.95', '6.95', 1, 100, 1, 5, 'SKU1068', '2023-03-01', '2024-02-01', '100', 68),
('EFPAC JNR SYRUP', '', '8.50', '6.10', '6.10', 1, 100, 1, 2, 'SKU1069', '2023-12-01', '2024-02-01', '100', 69),
('COARTEM 40/80', '', '48.00', '35.20', '35.20', 1, 100, 1, 2, 'SKU1070', '2023-05-01', '2024-02-01', '6 TABS', 70),
('QUININE TABS per STRIP', '', '9.00', '6.50', '6.50', 1, 100, 1, 4, 'SKU1071', '2023-08-01', '2024-02-01', '100', 71),
('MALAFAN TABS', '', '1.00', '1.40', '1.40', 1, 100, 1, 0, 'SKU1072', '2024-05-01', '2024-02-01', '10', 72),
('MALAR 2 TAB', '', '10.00', '7.47', '7.47', 1, 100, 1, 10, 'SKU1073', '2022-12-01', '2024-02-01', '10', 73),
('MALAR 2 DS TABLET', '', '12.00', '6.98', '6.98', 1, 100, 1, 5, 'SKU1074', '2023-01-06', '2024-02-01', '10', 74),
('NOVAMETHER FORTE', '', '10.00', '5.10', '5.10', 1, 100, 1, 10, 'SKU1075', '2022-12-01', '2024-02-01', '10', 75),
('P ALAXIN TAB', '', '18.00', '13.00', '13.00', 1, 100, 1, 5, 'SKU1076', '2023-12-01', '2024-02-01', '10', 76),
('LONART DS TAB', '', '22.00', '15.50', '15.50', 1, 100, 1, 7, 'SKU1077', '2024-08-01', '2024-02-01', '6', 77),
('LUFART DS', '', '16.00', '11.80', '11.80', 1, 100, 1, 4, 'SKU1078', '2023-07-01', '2024-02-01', '6', 78),
('NOVAMETHER 4X4 TAB', '', '7.00', '4.90', '4.90', 1, 100, 1, 2, 'SKU1079', '2023-11-01', '2024-02-01', '24', 79),
('ACT SHALTEM 4X4 TAB', '', '6.00', '3.75', '3.75', 2, 100, 1, 5, 'SKU1080', '2024-10-10', '2024-02-01', '24', 80),
('LACLOSE SOLUTION', '', '23.00', '17.24', '17.24', 1, 100, 1, 2, 'SKU1081', '2023-03-01', '2024-02-01', '100', 81),
('CHOCHO SOAP', '', '6.00', '4.70', '4.70', 1, 100, 1, 1, 'SKU1082', '2023-11-01', '2024-02-01', '10', 82),
('CHOCHO CREAM', '', '6.00', '4.70', '4.70', 1, 100, 1, 1, 'SKU1083', '2023-04-01', '2024-02-01', '10', 83),
('MYCOLEX POWDER - LUEX', '', '27.00', '20.00', '20.00', 1, 100, 1, 4, 'SKU1084', '2023-02-01', '2024-02-01', '100', 84),
('FLUCLO + AMOXI.SUSPENSON - Fluxamox', '', '12.00', '7.89', '7.89', 1, 100, 1, 5, 'SKU1085', '2023-12-01', '2024-02-01', '100', 85),
('METROLEX F SUSPENSION - LUEX', '', '19.00', '14.95', '14.95', 1, 100, 1, 4, 'SKU1086', '2023-04-01', '2024-02-01', '100', 86),
('FUMET SUSPENSION', '', '5.00', '3.20', '3.20', 1, 100, 1, 2, 'SKU1087', '2023-10-12', '2024-02-01', '100', 87),
('METRO Z SUSPENSION', '', '11.00', '8.00', '8.00', 1, 99, 1, 4, 'SKU1088', '2023-02-01', '2024-02-01', '10', 88),
('Metronidazole Suspension', 'METAGYL/ NOVAGYL', '8.00', '5.87', '5.87', 1, 100, 1, 5, 'SKU1089', '2023-11-01', '2024-02-01', '100', 89),
('FLUCLOXACILLIN SUSP - LEPTAB', '', '5.00', '2.59', '2.59', 1, 100, 1, 5, 'SKU1090', '2023-10-01', '2024-02-01', '100', 90),
('LUEX BABY COUGH', 'LUEX', '12.00', '8.53', '8.53', 1, 100, 1, 5, 'SKU1091', '2023-10-01', '2024-02-01', '100', 91),
('FLUCLOXACILLIN SUSPENSION - FLUXACIN 125', '', '11.00', '7.80', '7.80', 1, 100, 1, 5, 'SKU1092', '2023-10-01', '2024-02-01', '100', 92),
('ANTACID MIXTURE 200ML BELLS', '', '16.00', '10.40', '10.40', 1, 100, 1, 2, 'SKU1093', '2024-07-01', '2024-02-01', '100', 93),
('AMOXICILLIN SUSPENSION -PERMOXYL 125', '', '7.00', '4.39', '4.39', 1, 100, 1, 5, 'SKU1094', '2023-03-01', '2024-02-01', '100', 94),
('AMOXICILLIN SUSPENSION - LEPTAB', '', '4.00', '1.65', '1.65', 1, 98, 1, 7, 'SKU1095', '2023-04-01', '2024-02-01', '100', 95),
('CEFUROXIME SUSPENSION - ENACEF 125', '', '17.00', '11.98', '11.98', 1, 100, 1, 3, 'SKU1096', '2023-12-01', '2024-02-01', '100', 96),
('AMOXICILLIN SUSPENSION - EXETER', '', '10.00', '5.98', '5.98', 1, 100, 1, 5, 'SKU1097', '2023-01-20', '2024-02-01', '100', 97),
('ERYTHROMYCIN SUSPENSION -ENAMYCIN 125', '', '8.00', '5.69', '5.69', 1, 100, 1, 5, 'SKU1098', '2023-06-01', '2024-02-01', '100', 98),
('CO TRIMOXAZOLE SEPTRIN SUSPENSON - LEPTAB', '', '4.00', '2.25', '2.25', 1, 97, 1, 2, 'SKU1099', '2023-02-01', '2024-02-01', '100', 99),
('EXETER CLINDAMYCIN CAPS 300 - per CAPSULE', '', '1.50', '1.10', '1.10', 1, 100, 1, 20, 'SKU1100', '2024-02-01', '2024-02-01', '100', 100),
('INFA V OINTMENT', '', '23.00', '17.00', '17.00', 1, 98, 1, 0, 'SKU1101', '2023-11-01', '2024-02-01', '100', 101),
('AMOKSIKLAV 457 SUSPENSION - UK', '', '32.00', '23.90', '23.90', 1, 100, 1, 1, 'SKU1102', '2024-12-01', '2024-02-01', '100', 102),
('AZITHROMYCIN SUSPENSION -ZYMAX SUSPENSION', '', '14.00', '8.89', '8.89', 1, 100, 1, 5, 'SKU1103', '2024-01-01', '2024-02-01', '100', 103),
('SUSP AZITHROMYCIN - AZITEX', '', '17.00', '10.80', '10.80', 1, 100, 1, 2, 'SKU1104', '2024-08-01', '2024-02-01', '100', 104),
('PARA Exeter 500 TAB', 'EXETER', '2.00', '1.11', '1.11', 1, 99, 1, 10, 'SKU1105', '2025-02-01', '2024-02-01', '500', 105),
('PANADOL ADVANCE TABLET', '', '10.00', '7.21', '7.21', 1, 100, 1, 3, 'SKU1106', '2024-05-01', '2024-02-01', '500', 106),
('PANADOL EXTRA ADVANCE per PACK', '', '30.00', '19.80', '19.80', 1, 99, 1, 4, 'SKU1107', '2024-08-01', '2024-02-01', '100', 107),
('PANACIN TABLET per STRIP', '', '1.50', '0.85', '0.85', 1, 100, 1, 10, 'SKU1108', '2023-03-01', '2024-02-01', '100', 108),
('TRAMADOL CAPSULE  per PACK ENTRANCE', '', '15.00', '10.00', '10.00', 1, 100, 1, 5, 'SKU1109', '2023-08-01', '2024-02-01', '100', 109),
('DORETA CAPSULE per CAP', '', '4.00', '2.80', '2.80', 1, 97, 1, 10, 'SKU1110', '2023-07-01', '2024-02-01', '100', 110),
('TREXAMOL CAPSULE per CAP', '', '2.50', '1.76', '1.76', 1, 100, 1, 12, 'SKU1111', '2024-04-01', '2024-02-01', '100', 111),
('EZIPEN TABLET', '', '3.00', '1.76', '1.76', 1, 100, 1, 10, 'SKU1112', '2023-10-01', '2024-02-01', '100', 112),
('ZULU 100 TABLET', '', '5.00', '3.57', '3.57', 1, 100, 1, 7, 'SKU1113', '2023-12-01', '2024-02-01', '5.00', 113),
('TCP LIQUID 50ML  S/S', '', '38.00', '27.98', '27.98', 1, 100, 1, 0, 'SKU1114', '2023-02-01', '2024-02-01', '100', 114),
('GEBEDOL PLUS + TABLET', '', '2.50', '1.50', '1.50', 1, 98, 1, 2, 'SKU1115', '2024-01-02', '2024-02-01', '100', 115),
('LIQUID PARAFIN', '', '12.00', '7.85', '7.85', 1, 190, 1, 4, 'SKU1116', '2023-05-22', '2023-04-21', '100', 116),
('METHYLATED SPIRIT 125ml - ECL BOTTLE', '', '7.00', '4.39', '4.39', 1, 98, 1, 3, 'SKU1117', '2024-02-01', '2024-02-01', '100', 117),
('METHYLATED SPIRIT S/S - SMALL BOTTLE', '', '2.50', '1.50', '1.50', 1, 97, 1, 0, 'SKU1118', '2024-01-01', '2024-02-01', '10', 118),
('GENTION VIOLET - GV PAINT', '', '2.50', '1.80', '1.80', 1, 100, 1, 7, 'SKU1119', '2023-03-01', '2024-02-01', '100', 119),
('BORGES OLIVE OIL 125ML', '', '18.00', '13.45', '13.45', 1, 100, 1, 2, 'SKU1120', '2023-09-01', '2024-02-01', '100', 120),
('BELLS OLIVE OIL', '', '16.00', '11.90', '11.90', 1, 100, 1, 4, 'SKU1121', '2024-12-01', '2024-02-01', '100', 121),
('OMEGA OIL', 'OMEGA 50ml', '13.00', '8.50', '8.50', 1, 100, 1, 4, 'SKU1122', '2023-11-16', '2024-02-01', '100', 122),
('BIO OIL SKINCARE', 'BIO 60ml', '20.00', '14.00', '14.00', 1, 100, 1, 3, 'SKU1123', '2025-09-01', '2024-02-01', '100', 123),
('WISDOM MOUTHWASH', 'WISDOM', '18.00', '12.08', '12.08', 1, 100, 1, 3, 'SKU1124', '2024-03-01', '2024-02-01', '100', 124),
('NESTER MOUTHWASH', '', '15.00', '10.89', '10.89', 1, 100, 1, 4, 'SKU1125', '2023-04-01', '2024-02-01', '100', 125),
('KAMACLOX MOUTHWASH', '', '13.00', '9.00', '9.00', 1, 100, 1, 1, 'SKU1126', '2024-07-01', '2024-02-01', '100', 126),
('HYDRO. PEROXIDE ECL 200ml', 'ECL BOTTLE', '7.00', '5.02', '5.02', 1, 100, 1, 4, 'SKU1127', '2024-11-01', '2024-02-01', '100', 127),
('HYDRO. PEROXIDE Plastic btl BPP BTL', '', '4.00', '2.50', '2.50', 1, 100, 1, 2, 'SKU1128', '2023-08-01', '2024-02-01', '100', 128),
('MIST. POTASSIUM. CIT - MIST POT CIT', '', '4.00', '3.00', '3.00', 1, 100, 1, 0, 'SKU1129', '2023-06-01', '2024-02-01', '100', 129),
('MAGNESSIUM TRISC. - MGT', '', '4.00', '2.50', '2.50', 1, 90, 1, 4, 'SKU1130', '2023-10-01', '2024-02-01', '100', 130),
('MILK OF MAGNESSIA', 'MILK', '3.00', '1.40', '1.40', 1, 96, 1, 5, 'SKU1131', '2023-04-01', '2024-02-01', '100', 131),
('AMPICLOX CAPS per STRIP', 'LEPTAB', '4.50', '3.37', '3.37', 1, 100, 1, 5, 'SKU1132', '2023-04-01', '2024-02-01', '100', 132),
('CHLORDIAZEPOXIDE CAPS -  LIBRIUM LEPTAB', '', '2.00', '1.11', '1.11', 1, 794, 1, 20, 'SKU1133', '', '2022-07-05', '100', 133),
('INDOMETHAZINE -  INDOCID Leptab', '', '0.80', '0.40', '0.40', 1, 100, 1, 10, 'SKU1134', '2023-01-02', '2024-02-01', '100', 134),
('AKOMA  APC', '', '1.00', '0.50', '0.50', 1, 100, 1, 15, 'SKU1135', '2023-01-01', '2024-02-01', '100', 135),
('BISACODYL TABS', '', '1.00', '0.35', '0.35', 1, 100, 1, 20, 'SKU1136', '2023-03-20', '2024-02-01', '100', 136),
('PENICILLIN V TABS', '', '1.00', '0.75', '0.75', 1, 100, 1, 20, 'SKU1137', '2023-04-02', '2024-02-01', '100', 137),
('IBUPROFEN 200 TABS Eskay', '', '1.00', '0.51', '0.51', 1, 92, 1, 7, 'SKU1138', '2023-02-01', '2024-02-01', '100', 138),
('IBUPROFEN TAB 400mg -ENAFEN / LETAFEN 400', '', '2.00', '1.20', '1.20', 1, 100, 1, 15, 'SKU1139', '2023-10-01', '2024-02-01', '100', 139),
('DICLOFENAC 75MG CAPS per STRIP - NAKLOFEN DUO', '', '20.00', '15.00', '15.00', 1, 100, 1, 2, 'SKU1140', '2023-09-01', '2024-02-01', '100', 140),
('DICLOFENAC CHOLESTR. FLOTAC 75', '', '75.00', '53.40', '53.40', 1, 100, 1, 3, 'SKU1141', '2023-05-01', '2024-02-01', '100', 141),
('DICLOFENAC 100 per TAB -  VOLTAREN RETARD', '', '2.50', '1.88', '1.88', 1, 91, 1, 25, 'SKU1142', '2023-03-01', '2024-02-01', '100', 142),
('CELECOXIB 200 - CELEBREX', '', '94.00', '69.28', '69.28', 1, 100, 1, 1, 'SKU1143', '2022-11-01', '2024-02-01', '200', 143),
('CELECOXIB TAB 200 per STRIP - EXETER', '', '10.00', '6.64', '6.64', 1, 100, 1, 6, 'SKU1144', '2024-06-01', '2024-02-01', '200', 144),
('GOFEX - IBUPROFEN 400 CAPS', '', '12.00', '8.33', '8.33', 1, 95, 1, 10, 'SKU1145', '2023-05-01', '2024-02-01', '400', 145),
('PIROXICAM CAPS per PACK -OXAFEN', '', '2.00', '1.20', '1.20', 1, 92, 1, 10, 'SKU1146', '2024-04-01', '2024-02-01', '100', 146),
('RONFIT FORTE', '', '3.50', '2.60', '2.60', 1, 99, 1, 3, 'SKU1147', '2023-01-02', '2024-02-01', '100', 147),
('KEFEN PLAIN per PACK', '', '3.50', '2.59', '2.59', 1, 100, 1, 7, 'SKU1148', '2023-01-01', '2024-02-01', '100', 148),
('KEFEN EXTRA per PACK', '', '4.50', '2.98', '2.98', 1, 100, 1, 7, 'SKU1149', '2023-04-01', '2024-02-01', '100', 149),
('TOBTABS per PACK', '', '3.00', '2.60', '2.60', 1, 100, 1, 10, 'SKU1150', '2024-03-01', '2024-02-01', '100', 150),
('ASPIMANOL TABS', '', '0.70', '0.40', '0.40', 1, 100, 1, 15, 'SKU1151', '2023-11-01', '2024-02-01', '10', 151),
('NEXCOFER CAPS per PACK - ECL', '', '8.00', '5.60', '5.60', 1, 100, 1, 1, 'SKU1152', '2023-12-01', '2024-02-01', '100', 152),
('3FER SYRUP', 'nnnn', '10.00', '4.60', '4.60', 1, 270, 1, 0, 'SKU1153', '2024-01-01', '2023-12-01', '100', 153),
('NEXCOFER TONIC 200', 'ECL', '12.00', '8.30', '8.30', 1, 100, 1, 4, 'SKU1154', '2023-12-01', '2024-02-01', '120', 154),
('FERUM SYRUP', '', '7.00', '5.00', '5.00', 1, 100, 1, 4, 'SKU1155', '2023-03-01', '2024-02-01', '100', 155),
('ATROPINE', '', '4.00', '1.50', '1.50', 1, 100, 1, 1, 'SKU1156', '2022-09-01', '2024-02-01', '100', 156),
('XFERON SYRUP 200ML', '', '12.00', '7.56', '7.56', 1, 100, 1, 4, 'SKU1157', '2023-02-02', '2024-02-01', '100', 157),
('CAPS SEVEN SEAS ( COD LIVER + OMEGA ) CAPSULE', '', '45.00', '45.00', '45.00', 1, 100, 1, 1, 'SKU1158', '2024-10-01', '2024-02-01', '100', 158),
('ZINCOFER TONIC 200ML', '', '21.00', '15.74', '15.74', 1, 100, 1, 2, 'SKU1159', '2023-11-01', '2024-02-01', '100', 159),
('POLYFER SYRUP', '', '8.00', '5.50', '5.50', 1, 100, 1, 4, 'SKU1160', '2023-04-01', '2024-02-01', '100', 160),
('BECOACTIN TABLET', '', '15.00', '10.35', '10.35', 1, 100, 1, 2, 'SKU1161', '2024-11-01', '2024-02-01', '100', 161),
('FEROGLOBIN SYRUP', '', '49.00', '37.00', '37.00', 1, 99, 1, 2, 'SKU1162', '2023-09-01', '2024-02-01', '200', 162),
('FOLIGROW SYRUP 200ML', '', '30.00', '20.02', '20.02', 1, 100, 1, 5, 'SKU1163', '2023-03-01', '2024-02-01', '200', 163),
('DYNWELL SYRUP', '', '5.00', '3.80', '3.80', 1, 100, 1, 5, 'SKU1164', '2023-07-01', '2024-02-01', '100', 164),
('TALAGENTIS 5MG per STRIP', '', '15.00', '10.00', '10.00', 1, 100, 1, 1, 'SKU1165', '2024-08-01', '2024-02-01', '100', 165),
('APETAMINE SYRUP', '', '21.00', '15.50', '15.50', 1, 100, 1, 2, 'SKU1166', '2023-07-01', '2024-02-01', '100', 166),
('TRES ORIX 250ML', '', '30.00', '22.90', '22.90', 1, 100, 1, 4, 'SKU1167', '2023-02-01', '2024-02-01', '100', 167),
('ABYTONE SYRUP', '', '14.00', '10.00', '10.00', 1, 141, 1, 0, 'SKU1168', '2023-05-26', '2022-07-06', '100', 168),
('GUDAPET SYRUP', '', '10.00', '7.15', '7.15', 1, 100, 1, 4, 'SKU1169', '2023-04-01', '2024-02-01', '100', 169),
('LEENA SYRUP', '', '12.00', '7.61', '7.61', 1, 100, 1, 4, 'SKU1170', '2023-06-01', '2024-02-01', '100', 170),
('MARK 2 INHALER', '', '8.50', '6.04', '6.04', 1, 99, 1, 2, 'SKU1171', '2023-02-01', '2024-02-01', '10', 171),
('ASTYMIN SYRUP', '', '21.00', '15.90', '15.90', 1, 100, 1, 3, 'SKU1172', '2023-08-01', '2024-02-01', '100', 172),
('CYFEN SYRUP', '', '14.00', '9.30', '9.30', 1, 100, 1, 4, 'SKU1173', '2022-11-01', '2024-02-01', '100', 173),
('ZINCOVIT SYRUP  200ML', '', '21.00', '15.63', '15.63', 1, 105, 1, 1, 'SKU1174', '2023-11-01', '2024-02-01', '200', 174),
('ZINCOVIT DROPS', '', '9.50', '7.03', '7.03', 1, 100, 1, 3, 'SKU1175', '2023-08-01', '2024-02-01', '90', 175),
('ZINVITE SYRUP - ENTRANCE', '', '15.00', '8.45', '8.45', 1, 100, 1, 5, 'SKU1176', '2023-07-01', '2024-02-01', '100', 176),
('KIDIVITE SYRUP 200ML -12 NUTRIENTS', '', '12.00', '7.59', '7.59', 1, 100, 1, 4, 'SKU1177', '2024-01-01', '2024-02-01', '100', 177),
('PROKID MULTIVIT DROPS', '', '8.00', '5.90', '5.90', 1, 100, 1, 4, 'SKU1178', '2022-09-01', '2024-02-01', '100', 178),
('KIDIVITE  DROPS 25ML', '', '14.00', '9.98', '9.98', 1, 100, 1, 4, 'SKU1179', '2023-03-01', '2024-02-01', '100', 179),
('FEROGLOBIN CAPS', '', '50.00', '38.03', '38.03', 1, 91, 1, 0, 'SKU1180', '2024-02-01', '2024-02-01', '100', 180),
('HEMOSOFT CAPS', '', '30.00', '23.00', '23.00', 1, 100, 1, 5, 'SKU1181', '2024-02-01', '2024-02-01', '100', 181),
('ZINCOVIT CAPSULES', 'APEX', '26.00', '19.30', '19.30', 1, 99, 1, 4, 'SKU1182', '2022-11-01', '2024-02-01', '100', 182),
('REDSUN CAPSULES PACK', '', '15.00', '9.68', '9.68', 1, 100, 1, 0, 'SKU1183', '2023-02-01', '2024-02-01', '100', 183),
('ZINVITE CAPS per STRIP - ENTRANCE', '', '10.00', '4.57', '4.57', 1, 100, 1, 5, 'SKU1184', '2023-03-01', '2024-02-01', '100', 184),
('CYPRODINE CAPS / SYRUP', '', '38.00', '29.80', '29.80', 1, 100, 1, 2, 'SKU1185', '2024-09-01', '2024-02-01', '30', 185),
('PARA LEPTAB / ZINOL   500mg tablet', '', '1.00', '0.60', '0.60', 1, 96, 1, 4, 'SKU1186', '2023-03-01', '2024-02-01', '30', 186),
('GLUCOLIFE D - ECL', '', '9.00', '8.50', '8.50', 1, 100, 1, 0, 'SKU1187', '2022-05-01', '2024-02-01', '100', 187),
('GLUCOSE PLAIN - LEPTAB', '', '7.00', '4.45', '4.45', 1, 100, 1, 1, 'SKU1188', '2023-04-01', '2024-02-01', '100', 188),
('AMOXICILLIN 500 per Blister ENTRANCE', '', '4.00', '2.50', '2.50', 1, 100, 1, 10, 'SKU1189', '2023-08-01', '2024-02-01', '100', 189),
('AMOXICILLIN 250  Blister -PERMOXYL 250', '', '2.00', '1.35', '1.35', 1, 100, 1, 12, 'SKU1190', '2024-04-01', '2024-02-01', '100', 190),
('AMOXIC.+ FLUCLO CAPS - FLUXAMOX 500', '', '7.00', '4.50', '4.50', 1, 100, 1, 5, 'SKU1191', '2024-06-01', '2024-02-01', '100', 191),
('ERYTHROMYCIN 250 TABLETS', 'ENAMYCIN 250', '4.00', '2.80', '2.80', 1, 100, 1, 10, 'SKU1192', '2023-04-01', '2024-02-01', '10', 192),
('CAPS FLUCLOXACILLIN - FLUXACIN 500', '', '8.00', '6.12', '6.12', 1, 100, 1, 12, 'SKU1193', '2024-01-01', '2024-02-01', '10', 193),
('28s FLUCLOXACILLIN 500 PACK - EXETER', 'mmmm', '28.00', '19.89', '21.89', 1, 201, 1, 0, 'SKU1194', '2023-04-01', '2024-02-01', '100', 194),
('LEVOFLOXACIN 500 CAPS - EXETER& MSN', '', '25.00', '18.89', '18.89', 1, 100, 1, 4, 'SKU1195', '2024-04-01', '2024-02-01', '10', 195),
('FLUCLOX 250 - local', '', '3.00', '2.19', '2.19', 1, 100, 1, 10, 'SKU1196', '2022-08-01', '2024-02-01', '100', 196),
('CLARITHROMYCIN 500 per TAB - B CLAR', '', '1.80', '1.50', '1.50', 1, 100, 1, 20, 'SKU1197', '2022-07-01', '2024-02-01', '10', 197),
('CLARITHROMYCIN 500 per PACK', 'EXETER', '42.00', '28.98', '28.98', 1, 100, 1, 2, 'SKU1198', '2024-02-25', '2024-02-01', '10', 198),
('TOBREX EYE DROPS - TOBRAMYCIN 0.3%', '', '30.00', '22.29', '22.29', 1, 100, 1, 1, 'SKU1199', '2023-12-01', '2024-02-01', '10', 199),
('CIPRO 500 per PACK NOVACIP', '', '5.00', '2.10', '2.10', 1, 100, 1, 10, 'SKU1200', '2024-02-01', '2024-02-01', '10', 200),
('CIPRO 500 per Blister ALL', '', '3.50', '2.50', '2.50', 1, 100, 1, 30, 'SKU1201', '2024-02-01', '2024-02-01', '10', 201),
('CIPRO + TINEDAZOLE - CIFLOX T', '', '8.00', '5.20', '5.20', 1, 100, 1, 7, 'SKU1202', '2023-01-01', '2024-02-01', '10', 202),
('TETRACYLINE CAPS - LEPTAB', '', '1.50', '0.90', '0.90', 1, 100, 1, 25, 'SKU1203', '2023-06-01', '2024-02-01', '10', 203),
('CHLOROPHENICOL CAPS', '', '3.00', '2.24', '2.24', 1, 100, 1, 20, 'SKU1204', '2023-03-01', '2024-02-01', '10', 204),
('AMOXICILLIN 500 per PACK - EXETER', '', '12.00', '8.28', '8.28', 1, 100, 1, 4, 'SKU1205', '2023-05-01', '2024-02-01', '10', 205),
('MAXMOX 500 PACK', '', '6.00', '4.20', '4.20', 1, 100, 1, 0, 'SKU1206', '2023-12-01', '2024-02-01', '10', 206),
('NOSPA 40MG per STRIP', '', '9.00', '6.50', '6.50', 1, 100, 1, 6, 'SKU1207', '2023-05-01', '2024-02-01', '10', 207),
('BUSCOPAM TAB', '', '7.00', '4.58', '4.58', 1, 100, 1, 15, 'SKU1208', '2023-02-01', '2024-02-01', '10', 208),
('METEOCLOPRAMIDE 10MG - BLISTER', '', '1.00', '0.80', '0.80', 1, 100, 1, 15, 'SKU1209', '2023-05-01', '2024-02-01', '10', 209),
('CETRIZINE TAB per PACK -EXETER', '', '7.00', '4.60', '4.60', 1, 99, 1, 7, 'SKU1210', '2023-04-02', '2024-02-01', '10', 210),
('STUGERON  TABS per STRIP', '', '7.00', '4.71', '4.71', 1, 100, 1, 5, 'SKU1211', '2023-01-02', '2024-02-01', '10', 211),
('ZYFEN TABLETS', '', '20.00', '15.00', '15.00', 1, 91, 1, 2, 'SKU1212', '2024-03-01', '2024-02-01', '10', 212),
('RHIZINE / CETRIZINE / HISTAZINE /TABLETS', '', '1.00', '0.50', '0.50', 1, 100, 1, 20, 'SKU1213', '2024-01-01', '2024-02-01', '110', 213),
('PIRITON LOCAL TABLET per Blister', '', '0.50', '0.24', '0.24', 1, 160, 1, 15, 'SKU1214', '', '2022-07-06', '10', 214),
('ZINC TABLETS 10/20MG', '', '1.00', '0.31', '0.31', 1, 100, 1, 25, 'SKU1215', '2022-11-01', '2024-02-01', '10', 215),
('VISCOF PLAIN Syrup', '', '15.00', '8.98', '8.98', 1, 100, 1, 3, 'SKU1216', '2023-12-01', '2024-02-01', '1', 216),
('Viscof D Syrup', '', '15.00', '11.33', '11.33', 1, 99, 1, 3, 'SKU1217', '2023-05-01', '2024-02-01', '10', 217),
('VISCOF S', '', '15.00', '10.41', '10.41', 1, 100, 1, 4, 'SKU1218', '2023-08-01', '2024-02-01', '10', 218),
('ZUBES COUGH SYRUP', '', '22.00', '16.00', '16.00', 1, 100, 1, 4, 'SKU1219', '2024-02-01', '2024-02-01', '10', 219),
('RIDDLES COUGH SYRUP', '', '8.00', '5.72', '5.72', 1, 100, 1, 3, 'SKU1220', '2024-08-01', '2024-02-01', '10', 220),
('SAMALIN NON DROWZY', '', '8.00', '5.60', '5.60', 1, 100, 1, 4, 'SKU1221', '2023-01-01', '2024-02-01', '100', 221),
('SAMALIN ADULT & JNR SYRUP', '', '8.00', '5.80', '5.80', 1, 100, 1, 8, 'SKU1222', '2024-10-01', '2024-02-01', '10', 222),
('STOPKOF SYRUPS - ALL', '', '9.50', '6.98', '6.98', 1, 100, 1, 3, 'SKU1223', '2023-06-06', '2024-02-01', '10', 223),
('STOPKOF COLD & CATTARRH SYRUP', '', '8.00', '5.98', '5.98', 1, 100, 1, 4, 'SKU1224', '2024-07-01', '2024-02-01', '10', 224),
('STOPKOF EXPECTORANT - ECL', '', '8.00', '3.98', '3.98', 1, 100, 1, 4, 'SKU1225', '2023-01-01', '2024-02-01', '10', 225),
('ZECARB CARBOCIST 2% / 5%  ADULT & JNR', '', '8.00', '4.55', '4.55', 1, 100, 1, 4, 'SKU1226', '2024-01-01', '2024-02-01', '10', 226),
('AMINO PEP FORTE', '', '22.00', '13.95', '13.95', 1, 98, 1, 0, 'SKU1227', '2023-01-20', '2024-02-01', '100', 227),
('VIKIL 20 SYRUP', '', '35.00', '26.00', '26.00', 1, 100, 1, 4, 'SKU1228', '2022-09-01', '2024-02-01', '100', 228),
('VITAMIN B COMPLEX SYRUP', '', '4.00', '2.89', '2.89', 1, 100, 1, 4, 'SKU1229', '2023-02-01', '2024-02-01', '100', 229),
('BIO OIL 125ML', '', '50.00', '38.10', '38.10', 1, 100, 1, 0, 'SKU1230', '2025-04-01', '2024-02-01', '10', 230),
('BELLS VITAMIN C SYRUP - BELLS', '', '20.00', '14.80', '14.80', 1, 100, 1, 1, 'SKU1231', '2023-08-01', '2024-02-01', '10', 231),
('PHARMADERM HERBAL SOAP', '', '20.00', '13.50', '13.50', 1, 100, 1, 1, 'SKU1232', '2024-02-04', '2024-02-01', '10', 232),
('WELLBABY DROPS - VITABIOTICS', '', '68.00', '49.96', '49.96', 1, 100, 1, 1, 'SKU1233', '2023-01-01', '2024-02-01', '10', 233),
('WELLBABY MULTIVITAMINE - VITABIOTICS', '', '80.00', '56.30', '56.30', 1, 96, 1, 2, 'SKU1234', '2023-02-01', '2024-02-01', '100', 234),
('WELLKID MULTIVITAMINE - VITABIOTICS', '', '82.00', '57.90', '57.90', 1, 100, 1, 2, 'SKU1235', '2022-06-01', '2024-02-01', '10', 235),
('SANDOZ OMEPRAZOLE 20mg PACK', '', '15.00', '10.00', '10.00', 1, 100, 1, 0, 'SKU1236', '2023-04-01', '2024-02-01', '10', 236),
('OMEPRAZOLE  20MG per PACK - OMPRA 20', '', '10.00', '5.38', '5.38', 1, 100, 1, 5, 'SKU1237', '2023-09-01', '2024-02-01', '10', 237),
('OMEPRAZOLE 20mg per Strip / HYCID PACK', '', '4.00', '2.30', '2.30', 1, 100, 1, 0, 'SKU1238', '2024-07-01', '2024-02-01', '10', 238),
('MUPIROCIN OINTMENT', '', '27.00', '19.89', '19.89', 1, 100, 1, 1, 'SKU1239', '2023-02-01', '2024-02-01', '10', 239),
('NEXIUM 40MG per TAB', '', '10.00', '7.51', '7.51', 1, 100, 1, 4, 'SKU1240', '2023-01-01', '2024-02-01', '10', 240),
('20mg NEXIUM  20MG per TAB', 'yyy', '5.00', '4.50', '4.50', 1, 90, 1, 0, 'SKU1241', '2022-05-01', '2024-02-01', '10', 241),
('EXETER OMEPRAZOLE 20MG PACK - OMEXET', '', '15.00', '8.80', '8.80', 1, 100, 1, 4, 'SKU1242', '2023-11-01', '2024-02-01', '10', 242),
('OMESHAL D TABLETS', '', '10.00', '7.40', '7.40', 1, 99, 1, 4, 'SKU1243', '2023-01-01', '2024-02-01', '10', 243),
('METRO Z CAPS per PACK', 'ECL', '6.00', '3.98', '3.98', 1, 100, 1, 4, 'SKU1244', '2025-11-01', '2024-02-01', '10', 244),
('Metronidazole 400  per Blister METAGYL & NOVAGYL', '', '2.00', '1.11', '1.11', 1, 100, 1, 25, 'SKU1245', '2023-10-01', '2024-02-01', '100', 245),
('METRO PACK 400 EXETER per PACK', '', '10.00', '6.59', '6.59', 1, 91, 1, 10, 'SKU1246', '2026-02-01', '2024-02-01', '10', 246),
('Metronidazole 200 per Blister METAGYL & NOVAGYL', '', '1.00', '0.47', '0.47', 1, 100, 1, 15, 'SKU1247', '2023-10-01', '2024-02-01', '100', 247),
('LOPERAMIDE CAPS -CLODIUM & STARDIUM', '', '2.00', '0.90', '0.90', 1, 100, 1, 5, 'SKU1248', '2024-02-01', '2024-02-01', '10', 248),
('METROLEX F TAB per PACK - LUEX', '', '16.00', '12.00', '12.00', 1, 94, 1, 4, 'SKU1249', '2023-01-03', '2024-02-01', '100', 249),
('SEPTRIN TABLET LEPTAB', '', '1.00', '0.90', '0.90', 1, 100, 1, 25, 'SKU1250', '2023-06-01', '2024-02-01', '10', 250),
('B CO TABLET MULTIVIT', 'BCO TAB', '0.50', '0.20', '0.20', 1, 100, 1, 20, 'SKU1251', '2024-10-01', '2024-02-01', '100', 251),
('MULTIVITAMIMNE TABLETS - LEPTAB', '', '0.50', '0.23', '0.23', 1, 100, 1, 25, 'SKU1252', '2022-07-01', '2024-02-01', '10', 252),
('FOLIC  ACID 5mg Blister ALL', '', '0.50', '0.16', '0.16', 1, 100, 1, 20, 'SKU1253', '2023-09-01', '2024-02-01', '10', 253),
('APETAMINE  TAB per Blister', '', '4.00', '2.50', '2.50', 1, 100, 1, 5, 'SKU1254', '2024-09-01', '2024-02-01', '10', 254),
('PROMETHAZINE TABLET', '', '1.00', '0.72', '0.72', 1, 100, 1, 20, 'SKU1255', '2024-01-01', '2024-02-01', '10', 255),
('DYNWELL TABLETS', '', '0.50', '0.20', '0.20', 1, 100, 1, 20, 'SKU1256', '2023-01-01', '2024-02-01', '10', 256),
('CYPRONE & ABYTONE TAB per PACK', '', '4.00', '1.87', '1.87', 1, 98, 1, 4, 'SKU1257', '2022-11-01', '2024-02-01', '10', 257),
('FERROUS SULPHATE per PACK EXETER', '', '7.00', '4.89', '4.89', 1, 99, 1, 5, 'SKU1258', '2022-12-01', '2024-02-01', '102', 258),
('FERROUS SULPHATE per Blister - LOCAL', '', '0.50', '0.29', '0.29', 1, 100, 1, 20, 'SKU1259', '2023-03-01', '2024-02-01', '10', 259),
('FOLIC ACID 5MG per EXETER PACK', 'EXETER', '7.00', '4.59', '4.59', 1, 100, 1, 2, 'SKU1260', '2022-12-01', '2024-02-01', '10', 260),
('FOLIC ACID. 5MG CRESENT PACK', '', '10.00', '6.00', '6.00', 1, 100, 1, 5, 'SKU1261', '2024-01-02', '2024-02-01', '10', 261),
('ESSENTIAL VITAMINE E CAPS- CONTAINER', '', '38.00', '27.00', '27.00', 1, 100, 1, 3, 'SKU1262', '2023-05-01', '2024-02-01', '100', 262),
('SELEVITE CAPS - CONTAINER', '', '30.00', '21.21', '21.21', 1, 100, 1, 3, 'SKU1263', '2023-09-01', '2024-02-01', '100', 263),
('VITAMINE E CAPS CONTAINER - EXETER', '', '30.00', '18.28', '18.28', 1, 100, 1, 1, 'SKU1264', '2022-06-01', '2024-02-01', '10', 264),
('THIAMINE CAPS SUPPLEMENT', '', '38.00', '28.00', '28.00', 1, 100, 1, 12, 'SKU1265', '2023-11-01', '2024-02-01', '100', 265),
('SEVEN  SEAS ( COD LIVER + OMEGA OIL )', '', '40.00', '27.00', '27.00', 1, 100, 1, 1, 'SKU1266', '2023-03-01', '2024-02-01', '10', 266),
('90s VALUPAK FOLIC  ACID', '', '21.00', '15.50', '15.50', 1, 445, 1, 2, 'SKU1268', '2024-01-01', '2023-12-01', '10', 268),
('OMEGA 369  CAPS - ALL', '', '20.00', '15.33', '15.33', 1, 106, 1, 2, 'SKU1269', '2023-01-01', '2024-02-01', '10', 269),
('COD LIVER OIL 550 & 1000MG', '', '22.00', '15.68', '15.68', 1, 100, 1, 4, 'SKU1270', '2024-01-01', '2024-02-01', '100', 270),
('ODOURLESS GARLIC  CAPS - ZANZA', '', '9.00', '6.29', '6.29', 1, 100, 1, 2, 'SKU1271', '2023-02-01', '2024-02-01', '10', 271),
('PREDNISOLINE  TAB - local', '', '1.50', '0.84', '0.84', 1, 100, 1, 10, 'SKU1272', '2024-04-01', '2024-02-01', '10', 272),
('MENTHODEX SYRUP 100ML', '', '18.00', '12.40', '12.40', 1, 100, 1, 4, 'SKU1273', '2023-12-01', '2024-02-01', '100', 273),
('MENTHODEX SYRUP 200ML', '', '28.00', '19.00', '19.00', 1, 100, 1, 2, 'SKU1274', '2024-06-01', '2024-02-01', '100', 274),
('ROBB ORIGINAL CONTAINER', '', '6.00', '4.50', '4.50', 1, 100, 1, 2, 'SKU1275', '2024-01-01', '2024-02-01', '100', 275),
('DIPHEX COUGH SYRUP', '', '9.00', '6.73', '6.73', 1, 100, 1, 2, 'SKU1276', '2024-11-01', '2024-02-01', '100', 276),
('KOFLET COUGH SYRUP - HIMALAYA', '', '18.50', '13.69', '13.69', 1, 100, 1, 2, 'SKU1277', '2024-09-01', '2024-02-01', '100', 277),
('BONNISAN', '', '18.00', '12.20', '12.20', 1, 100, 1, 4, 'SKU1278', '2023-10-10', '2024-02-01', '410', 278),
('AUNTIE MARY GRIPE WATER', '', '10.00', '7.13', '7.13', 1, 100, 1, 4, 'SKU1279', '2023-08-01', '2024-02-01', '100', 279),
('MOTHERCARE GRIPE WATER - EXETER', '', '18.00', '12.98', '12.98', 1, 100, 1, 1, 'SKU1280', '2024-01-01', '2024-02-01', '10', 280),
('MEBENDAZOLE 500MG -  VERMOX TAB', '', '11.00', '7.98', '7.98', 1, 100, 1, 5, 'SKU1281', '2023-12-01', '2024-02-01', '400', 281),
('ALBENDAZOLE 400MG - WORMPLEX', '', '7.50', '5.38', '5.38', 1, 100, 1, 2, 'SKU1282', '2024-10-01', '2024-02-01', '1', 282),
('ALBENDAZOLE 200MG TAB - NESBEN TAB', '', '5.00', '3.50', '3.50', 1, 100, 1, 5, 'SKU1283', '2023-02-01', '2024-02-01', '2', 283),
('ALBENDAZOLE 200MG - ZENTEL TAB', '', '10.00', '7.73', '7.73', 1, 100, 1, 5, 'SKU1284', '2023-02-01', '2024-02-01', '2', 284),
('ALBENDAZOLE SUSPENSION - NESBEN SUSP', '', '6.00', '3.98', '3.98', 1, 100, 1, 3, 'SKU1285', '2023-01-01', '2024-02-01', '10', 285),
('TAMSULOSIN  HYDRO.', 'EXETER & CONTIFLO', '25.00', '17.59', '17.59', 1, 100, 1, 4, 'SKU1286', '2023-10-01', '2024-02-01', '100', 286),
('FINESTRIDE TAB 5MG - FINASTRIDE', '', '25.00', '18.00', '18.00', 1, 100, 1, 4, 'SKU1287', '2024-05-01', '2024-02-01', '10', 287),
('ACIGUARD O SUSPENSION', '', '15.00', '7.30', '7.30', 1, 100, 1, 4, 'SKU1288', '2023-01-01', '2024-02-01', '10', 288),
('NUGEL O SUSPENSION', '', '24.00', '18.00', '18.00', 1, 100, 1, 2, 'SKU1289', '2023-11-01', '2024-02-01', '100', 289),
('NUGEL PLAIN SUSPENSION', '', '20.00', '15.97', '15.97', 1, 100, 1, 5, 'SKU1290', '2023-03-01', '2024-02-01', '100', 290),
('ACIGUARD PLAIN SUSP', '', '10.00', '5.43', '5.43', 1, 100, 1, 4, 'SKU1291', '2024-08-01', '2024-02-01', '100', 291),
('STOMACAINE', '', '20.00', '14.90', '14.90', 1, 100, 1, 4, 'SKU1292', '2023-01-01', '2024-02-01', '100', 292),
('GASTRONE PLUS 200ML', '', '17.00', '12.30', '12.30', 1, 99, 1, 4, 'SKU1293', '2024-12-01', '2024-02-01', '100', 293),
('Gastrone Plus 100ml', '', '7.00', '4.59', '4.59', 1, 100, 1, 2, 'SKU1294', '2023-12-01', '2024-02-01', '100', 294),
('ALBENDAZOLE 200MG TAB - DEWORME', '', '2.00', '1.15', '1.15', 1, 100, 1, 7, 'SKU1295', '2024-01-01', '2024-02-01', '2', 295),
('MAGACID SUSPENSION', '', '11.00', '8.00', '8.00', 1, 100, 1, 4, 'SKU1296', '2024-10-01', '2024-02-01', '100', 296),
('ZEROCID SUSPENSION', '', '12.00', '8.40', '8.40', 1, 100, 1, 2, 'SKU1297', '2024-01-01', '2024-02-01', '100', 297),
('RHINATHIOL ADULT SYRUP', '', '35.00', '25.57', '25.57', 1, 100, 1, 2, 'SKU1298', '2023-05-05', '2024-02-01', '110', 298),
('FLEMEX ADULT SYRUP', '', '9.00', '6.72', '6.72', 1, 100, 1, 2, 'SKU1299', '2022-09-01', '2024-02-01', '100', 299),
('LUEX ADULT COUGH SYRUP', '', '14.00', '9.90', '9.90', 1, 100, 1, 4, 'SKU1300', '2023-06-01', '2024-02-01', '10', 300),
('KEFROX CEFUROXIME 500 - LUEX', '', '30.00', '20.00', '20.00', 1, 99, 1, 1, 'SKU1301', '2023-03-01', '2024-02-01', '10', 301),
('MENTHOX COUGH SYRUP', '', '7.00', '4.60', '4.60', 1, 100, 1, 4, 'SKU1302', '2024-02-04', '2024-02-01', '10', 302),
('BENYLIN PAEDIATRIC SYRUP', '', '38.00', '27.73', '27.73', 1, 96, 1, 1, 'SKU1303', '2024-01-04', '2024-02-01', '10', 303),
('BENYLIN 4 FLU', '', '32.00', '22.93', '22.93', 1, 100, 1, 2, 'SKU1304', '2024-01-01', '2024-02-01', '10', 304),
('KOFFEX COUGH SYRUP', '', '7.00', '4.66', '4.66', 1, 99, 1, 5, 'SKU1305', '2023-01-01', '2024-02-01', '100', 305),
('LETALIN  COUGH SYRUP', '', '3.00', '1.40', '1.40', 1, 100, 1, 5, 'SKU1306', '2023-01-01', '2024-02-01', '100', 306),
('GRISEOFULVIN SYRUP - NOVAFULVIN', '', '8.50', '6.13', '6.13', 1, 100, 1, 4, 'SKU1307', '2023-02-01', '2024-02-01', '100', 307),
('PROMETHAZINE SYRUP - PROMIZEL', '', '5.00', '3.50', '3.50', 1, 100, 1, 5, 'SKU1308', '2023-01-01', '2024-02-01', '100', 308),
('IBUPROFEN SYRUP - ENAFEN SYRUP', '', '6.00', '4.20', '4.20', 1, 100, 1, 2, 'SKU1309', '2023-01-01', '2024-02-01', '100', 309),
('IBUPROFEN 200 / PACK UK- GALPHARM', '', '5.00', '3.25', '3.25', 1, 100, 1, 1, 'SKU1310', '2023-08-01', '2024-02-01', '100', 310),
('PARA SYRUP - EXETER', '', '7.00', '4.96', '4.96', 1, 100, 1, 3, 'SKU1311', '2025-02-01', '2024-02-01', '100', 311),
('Para Syrup LOCAL 100ml', 'ECL & Pharmanova', '6.00', '3.89', '3.89', 1, 100, 1, 5, 'SKU1312', '2024-04-01', '2024-02-01', '100', 312),
('CALPOL 6+ SUSPENSION', '', '49.00', '36.49', '36.49', 1, 100, 1, 0, 'SKU1313', '2024-09-01', '2024-02-01', '100', 313),
('CALAMINE LOTION 200ML - KALAMINA 200', '', '10.00', '6.49', '6.49', 1, 110, 1, 3, 'SKU1314', '2024-03-01', '2024-02-01', '200', 314),
('BENZYL BENZOATE', '', '17.00', '12.50', '12.50', 1, 95, 1, 0, 'SKU1315', '2024-08-01', '2024-02-01', '100', 315),
('SECNIDAZOLE  EXETER / LAVINA PACK', '', '7.00', '4.60', '4.60', 1, 100, 1, 2, 'SKU1316', '2024-05-01', '2024-02-01', '100', 316),
('Secnidazole - SECTOP PACK ( Pharmanova )', '', '4.00', '1.84', '1.84', 1, 99, 1, 5, 'SKU1317', '2023-02-01', '2024-02-01', '100', 317),
('FLUCONAZOLE TEVA PACK 150MG', '', '9.00', '6.50', '6.50', 1, 100, 1, 5, 'SKU1318', '2023-09-01', '2024-02-01', '100', 318),
('NEFLUCON FLUCONAZOLE  150MG', '', '5.00', '2.49', '2.49', 1, 100, 1, 10, 'SKU1319', '2024-06-01', '2024-02-01', '150', 319),
('FLUCONAZOLE 150MG LUEX - MYCOSTAT', '', '7.00', '5.00', '5.00', 1, 100, 1, 10, 'SKU1320', '2024-04-01', '2024-02-01', '100', 320),
('FLUCORON Fluconazole cap 150mg', 'FLUCORON', '3.00', '1.98', '1.98', 1, 100, 1, 15, 'SKU1321', '2022-10-12', '2024-02-01', '1', 321),
('GRISEOFULVIN 500 TAB - MYCOVIN 500', '', '7.00', '5.20', '5.20', 1, 100, 1, 15, 'SKU1322', '2024-08-01', '2024-02-01', '10', 322),
('TOTHEMA  per AMPOULE', '', '3.40', '2.50', '2.50', 1, 100, 1, 20, 'SKU1323', '2023-05-01', '2024-02-01', '1', 323),
('IV NORMAL SALINE 500ml', 'SHOP', '6.00', '4.65', '4.65', 1, 100, 1, 5, 'SKU1324', '2023-02-01', '2024-02-01', '500', 324),
('IV RINGERS LACTATE 500ML - SHOP', '', '6.00', '4.67', '4.67', 1, 100, 1, 5, 'SKU1325', '2023-01-01', '2024-02-01', '500', 325),
('DNS 500ML', 'SHOP', '6.00', '4.70', '4.70', 1, 100, 1, 5, 'SKU1326', '2024-01-01', '2024-02-01', '500', 326),
('IV DEXTROSE 500ml', 'SHOP', '6.00', '4.67', '4.67', 1, 100, 1, 5, 'SKU1327', '2023-02-01', '2024-02-01', '500', 327),
('COTTON PIECES', '', '1.00', '1.00', '1.00', 1, 100, 1, 5, 'SKU1328', '2023-01-01', '2024-02-01', '1', 328),
('COTTON ZIGZAG PACK', '', '6.00', '3.90', '3.90', 1, 100, 1, 1, 'SKU1329', '2024-01-01', '2024-02-01', '1', 329),
('MAN UP CAPSULES', '', '150.00', '110.00', '110.00', 1, 44, 1, 1, 'SKU1330', '2024-02-01', '2024-02-01', '1', 330),
('ACICLOVIR UK  per STRIP- ACCORD', '', '6.00', '4.30', '4.30', 1, 100, 1, 2, 'SKU1331', '2023-10-01', '2024-02-01', '100', 331),
('Carvedilol 6.25mg Pack - EXETER', '', '15.00', '10.80', '10.80', 1, 100, 1, 3, 'SKU1332', '2023-12-01', '2024-02-01', '1', 332),
('CARVEDILOL12.5mg PACK', 'EXETER', '15.00', '10.27', '10.27', 1, 99, 1, 3, 'SKU1333', '2022-10-01', '2024-02-01', '1', 333),
('FUROSEMIDE FUMERATE 40MG', '', '12.00', '8.79', '8.79', 1, 94, 1, 2, 'SKU1334', '2024-01-01', '2024-02-01', '1', 334),
('AMLODIPINE 10mg TEVA PACK', '', '12.00', '7.87', '7.87', 1, 99, 1, 4, 'SKU1335', '2026-02-01', '2024-02-01', '1', 335),
('FENTANYL INJ / AMPOULE', '', '30.00', '25.00', '25.00', 1, 100, 1, 10, 'SKU1336', '2024-01-01', '2024-02-01', '2ML', 336),
('STOPKOF DRY COUGH SYRUP', '', '10.00', '6.98', '6.98', 1, 100, 1, 1, 'SKU1337', '2023-04-01', '2024-02-01', '1', 337),
('MORPHINE INJ  /  AMPOULE', '', '19.00', '14.00', '14.00', 1, 100, 1, 2, 'SKU1338', '2023-08-08', '2024-02-01', '1ML', 338),
('NALOXONE INJ / AMPOULE', '', '48.00', '35.00', '35.00', 1, 100, 1, 9, 'SKU1339', '2023-02-01', '2024-02-01', '1ML', 339),
('TESTOSTERONE 250MG INJ -  SUSTAVIRON', '', '100.00', '75.00', '75.00', 1, 100, 1, 6, 'SKU1340', '2023-11-01', '2024-02-01', '1ML', 340),
('MACAINE PER AMPOULE - BUPIVACAINE HYDROCHLORIDE INJ / AMP', '', '30.00', '25.00', '25.00', 1, 100, 1, 10, 'SKU1341', '2023-03-01', '2024-02-01', '2ML', 341),
('ASMANOL TABLETS', '', '1.00', '0.24', '0.24', 2, 100, 1, 6, 'SKU1342', '2023-05-02', '2024-02-01', '4TABS', 342),
('ASMADRINE TABLETS', '', '1.00', '0.60', '0.60', 2, 100, 1, 10, 'SKU1343', '2026-05-01', '2024-02-01', '4TABS', 343),
('BENDRO 2.5MG - EXETER', '', '9.00', '6.65', '6.65', 2, 100, 1, 1, 'SKU1344', '2025-02-01', '2024-02-01', '28TABS', 344),
('AMLODIPINE 5mG TEVA PACK', '', '10.00', '5.90', '5.90', 1, 100, 1, 4, 'SKU1345', '2023-01-01', '2024-02-01', '1', 345),
('WHITFIELD OINTMENT', '', '8.50', '6.25', '6.25', 2, 100, 1, 1, 'SKU1346', '2024-02-01', '2024-02-01', '84TABS', 347),
('LIDOCAINE per VAIL', '', '5.00', '3.00', '3.00', 1, 100, 1, 15, 'SKU1347', '2023-03-01', '2024-02-01', '1', 348),
('AMLODIPINE  10MG Pharmanova - AMLONOVA 10', '', '8.00', '4.38', '4.38', 1, 100, 1, 5, 'SKU1348', '2024-01-10', '2024-02-01', '1', 349),
('BICALUTAMIDE 50MG - TEVA', '', '70.00', '50.00', '50.00', 2, 100, 1, 10, 'SKU1347', '2023-03-01', '2024-02-01', '28TABS', 350),
('BICALUTAMIDE  50MG -  RELON CHEM', '', '70.00', '51.71', '51.71', 2, 100, 1, 2, 'SKU1349', '2023-04-01', '2024-02-01', '28TABS', 351),
('SOLUBLE ASPIRIN per BLISTER', '10s', '1.00', '0.65', '0.65', 1, 99, 1, 0, 'SKU1349', '2023-08-01', '2024-02-01', '1', 352),
('100s SOLUBLE ASPIRIN 75MG per Blister', '25s', '4.00', '4.00', '3.00', 1, 233, 1, 0, 'SKU1350', '2023-02-22', '2023-01-22', '1', 353),
('BICALUTAMIDE 150MG- TEVA / ACCORD', '', '148.00', '92.00', '92.00', 2, 94, 1, 5, 'SKU1350', '2023-03-01', '2024-02-01', '28TABS', 354),
('ASPIRIN CARDIO per STRIP - BAYERN', '', '7.00', '5.00', '5.00', 1, 99, 1, 2, 'SKU1351', '2023-05-06', '2024-02-01', '1', 355),
('CLOPIDOGREL 75MG EXETER', '', '20.00', '14.99', '14.99', 1, 100, 1, 3, 'SKU1352', '2023-09-01', '2024-02-01', '1', 356),
('LOSARTAN POTASSIUM 50mg - TEVA PACK', '', '22.00', '16.09', '16.09', 1, 100, 1, 3, 'SKU1353', '2022-09-01', '2024-02-01', '1', 357),
('LOSARTAN POTASSIUM  25MG - TEVA PACK', '', '20.00', '14.20', '14.20', 1, 99, 1, 2, 'SKU1354', '2023-02-01', '2024-02-01', '1', 358),
('LOSARTAN POTASSIUM  100MG - TEVA PACK', '', '28.00', '20.79', '20.79', 1, 100, 1, 4, 'SKU1355', '2023-02-01', '2024-02-01', '1', 359),
('ATENOLOL 5MG ECL', '', '3.00', '1.98', '1.98', 1, 80, 1, 5, 'SKU1356', '2023-02-01', '2024-02-01', '1', 360),
('BENDRO 5MG - PHARMANOVA', '', '4.00', '2.10', '2.10', 2, 88, 1, 8, 'SKU1351', '2024-04-01', '2024-02-01', '28TABS', 361),
('Lisinopril 5mg Pharmanova - LISINOVA', '', '6.00', '3.94', '3.94', 1, 99, 1, 5, 'SKU1357', '2024-06-01', '2024-02-01', '1', 362),
('LISINOPRIL + HTZ -  PHARMANOVA', '', '25.00', '18.80', '18.80', 1, 100, 1, 1, 'SKU1358', '2023-01-01', '2024-02-01', '1', 363),
('LISINOPRIL 10MG - CRESCENT', '', '16.00', '10.00', '10.00', 1, 99, 1, 4, 'SKU1359', '2024-08-01', '2024-02-01', '1', 364),
('Lisinopril10mg Pharmanova - LISINONOVA 10', '', '6.00', '4.47', '4.47', 1, 93, 1, 4, 'SKU1360', '2024-01-01', '2024-02-01', '1', 365),
('LOSARTAN POTASSIUM 50 - LOSAT 50 ( Pharmanova )', '', '8.00', '5.71', '5.71', 1, 100, 1, 4, 'SKU1361', '2023-08-01', '2024-02-01', '1', 366),
('BISOPROLOL FUMARATE 10MG', '', '9.00', '6.39', '6.39', 2, 100, 1, 1, 'SKU1357', '2025-04-02', '2024-02-01', '28TABS', 367),
('LOSAR DENK 100  per PACK', '', '37.00', '27.00', '27.00', 1, 95, 1, 3, 'SKU1363', '2022-08-01', '2024-02-01', '1', 368),
('LOSAR DENK 50 per PACK', '', '25.00', '16.30', '16.30', 1, 100, 1, 3, 'SKU1364', '2023-03-01', '2024-02-01', '1', 369),
('ALLOPURINOL100MG - CRESENT', '', '15.00', '9.30', '9.30', 2, 99, 1, 2, 'SKU1364', '2023-01-01', '2024-02-01', '28TABS', 370),
('COLOSARDENK 50/12.50 PACK', '', '48.00', '34.00', '34.00', 1, 99, 1, 3, 'SKU1365', '2024-11-01', '2024-02-01', '1', 371),
('DICLO DENK 100MG / TAB - DICLODENK', '', '1.50', '1.04', '1.04', 2, 100, 1, 7, 'SKU1365', '2023-10-01', '2024-02-01', '10TABS /ST', 372),
('NIFEDIDENK 20 RET. per STRIP - DENK', '', '7.00', '4.43', '4.43', 1, 99, 1, 5, 'SKU1366', '2024-02-01', '2024-02-01', '10s', 373),
('CIPRO DENK 500MG-  CIPRODENK 500', '', '40.00', '29.20', '29.20', 2, 100, 1, 7, 'SKU1366', '2023-06-01', '2024-02-01', '10TABS', 374),
('NIFECARD XL  PACK', '', '36.00', '25.56', '25.56', 1, 100, 1, 2, 'SKU1368', '2024-01-01', '2024-02-01', '35', 375),
('METFORMIN DENK 500MG / STRIP', '', '6.00', '4.43', '4.43', 2, 97, 1, 7, 'SKU1368', '2023-01-20', '2024-02-01', '10TABS / S', 376),
('ENAFIX SUSPENSION- Cefixime', '', '26.00', '19.18', '19.18', 1, 99, 1, 0, 'SKU1369', '2024-10-01', '2024-02-01', '10s', 377),
('METHYLDOPA 250MG', '', '6.00', '4.00', '4.00', 2, 96, 1, 2, 'SKU1369', '2023-05-01', '2024-02-01', '10TABS / S', 378),
('EVENING PRIMOSE ZANZA', '', '20.00', '13.50', '13.50', 1, 98, 1, 0, 'SKU1370', '2024-01-01', '2024-02-01', '28s', 379),
('CARBAMAZIPINE 200MG-ALL', '', '4.50', '3.00', '3.00', 2, 99, 1, 10, 'SKU1370', '2023-11-01', '2024-02-01', '10TABS / S', 380),
('GLIBENCLAMIDE 5MG /STRIP - GLIBENIL', '', '1.00', '0.49', '0.49', 2, 100, 1, 10, 'SKU1371', '2025-05-01', '2024-02-01', '10TABS / S', 381),
('ZYFEN SYRUP', '', '26.00', '19.00', '19.00', 1, 97, 1, 0, 'SKU1371', '2023-03-01', '2024-02-01', '28s', 382),
('GLIMEPRIDE 2MG/ STRIP - GLIMPER PHARMANOVA', '', '5.00', '3.51', '3.51', 2, 99, 1, 10, 'SKU1372', '2023-02-01', '2024-02-01', '10TABS / S', 383),
('GLIMEPRIDE 4MG/ STRIP - GLIMPER PHARMANOVA', '', '7.50', '5.50', '5.50', 2, 100, 1, 10, 'SKU1373', '2022-12-01', '2024-02-01', '10TABS / S', 384),
('AMITRIPTYLINE PACK ECL', '', '5.00', '3.00', '3.00', 1, 100, 1, 5, 'SKU1372', '2023-05-01', '2024-02-01', '20s', 385),
('METFORMINE 500MG / STRIP', 'ECL', '1.50', '0.60', '0.60', 2, 100, 1, 8, 'SKU1374', '2025-12-01', '2024-02-01', '10TABS / S', 386),
('PROPOFOL IV', '', '38.00', '28.00', '28.00', 1, 108, 1, 10, 'SKU1374', '2023-04-01', '2024-02-01', '1', 387),
('VECURINIUM', '', '48.00', '35.00', '35.00', 1, 100, 1, 1, 'SKU1375', '2023-02-01', '2024-02-01', '1', 388),
('IV OMEPRAZOLE INFUSION - LAVID C', '', '10.00', '7.50', '7.50', 1, 100, 1, 10, 'SKU1375', '2023-04-01', '2023-03-01', '2ML', 389),
('ADRENALIN IV', '', '4.00', '3.00', '3.00', 1, 84, 1, 2, 'SKU1377', '2025-08-01', '2024-02-01', '1AMP', 390),
('GENTAMYCIN IV - PER AMPOULE', '', '2.00', '0.50', '0.50', 1, 100, 1, 10, 'SKU1378', '2023-02-01', '2024-02-01', '1 AMP', 391),
('HYDROCORTISONE IV - INFUSION', '', '5.00', '3.32', '3.32', 1, 100, 1, 4, 'SKU1379', '2023-02-01', '2024-02-01', '1 AMP', 392),
('CEFTRIAXONE  TROGE 1G / VIAL', '', '6.00', '4.00', '4.00', 1, 100, 1, 10, 'SKU1380', '2023-07-01', '2024-02-01', '10ML', 393),
('CEFTRIAXONE  TROGE WITH AQUA 1G / VIAL', '', '8.00', '4.00', '4.00', 1, 110, 1, 10, 'SKU1381', '2024-03-01', '2024-02-01', '10ML', 394),
('ALKA 5 SYRUP', '', '40.00', '30.00', '30.00', 1, 100, 1, 2, 'SKU1380', '2024-01-01', '2024-02-01', '1BTL', 395),
('SALBUTAMOL INHALER', '', '21.00', '14.98', '14.98', 1, 100, 1, 1, 'SKU1382', '2024-03-01', '2024-02-01', '1 PACK', 396),
('CEFTRIAXONE 1G NOVAZONE IV  - PHARMANOVA', '', '15.00', '9.80', '9.80', 1, 100, 1, 0, 'SKU1382', '2023-10-01', '2024-02-01', '10ML', 397),
('VENTOLIN INHALER', '', '38.00', '34.72', '34.72', 1, 100, 1, 2, 'SKU1383', '2022-09-01', '2024-02-01', '1 PACK', 398),
('SYMBICORT', '', '65.00', '62.40', '62.40', 1, 100, 1, 1, 'SKU1384', '2023-03-01', '2024-02-01', '1 PACK', 399),
('IV CEFUROXIME  750MG / VIAL', '', '7.00', '4.16', '4.16', 1, 100, 1, 3, 'SKU1383', '2026-03-01', '2024-02-01', '10ML', 400),
('IV CIPROFLOXACIN  IV Bottle', 'ALL', '5.00', '2.63', '2.63', 1, 100, 1, 2, 'SKU1385', '2023-06-01', '2024-02-01', '1 BTL', 401),
('PARA FOR INJECTION PARA IV ALL', '', '20.00', '12.50', '12.50', 1, 100, 1, 3, 'SKU1386', '2023-05-01', '2024-02-01', '1 BTL', 402),
('METEOCLOPROMIDE  INJ / AMP 10GM - EXETER', '', '3.00', '2.00', '2.00', 1, 100, 1, 3, 'SKU1385', '2022-08-01', '2024-02-01', '2ML', 403),
('METRONIDAZOLE FOR INJECTION - METRO IV', '', '5.00', '2.40', '2.40', 1, 100, 1, 2, 'SKU1387', '2023-10-01', '2024-02-01', '1BTL', 404),
('BUSCOPAN INJ 10MG / AMP', 'LAXOPAN', '5.00', '2.50', '2.50', 1, 100, 1, 8, 'SKU1387', '2022-10-01', '2024-02-01', '1ML', 405),
('VAGINAX or GOGYNAX CREAM', '', '6.00', '3.78', '3.78', 1, 100, 1, 8, 'SKU1388', '2023-03-01', '2024-02-01', '1 TUBE', 406),
('CLOTRIMAZOLE CREAM - Pharmanova', '', '5.00', '2.85', '2.85', 1, 100, 1, 5, 'SKU1389', '2023-02-01', '2024-02-01', '1 TUBE', 407);
INSERT INTO `product` (`prod_name`, `prod_desc`, `prod_price`, `prod_wprice`, `prod_cprice`, `cat_id`, `prod_qty`, `branch_id`, `reorder`, `serial`, `exdate`, `exdate2`, `measure`, `prod_id`) VALUES
('BIOPENTIN  PER STRIP', '', '18.00', '18.00', '18.00', 1, 100, 1, 0, 'SKU1390', '2023-08-01', '2024-02-01', '1 PACK', 408),
('GYNO DAKTARIN PESSARIES', '', '35.00', '32.66', '32.66', 1, 100, 1, 2, 'SKU1391', '2023-10-01', '2024-02-01', '1 PACK', 409),
('INFA V PESSARIES', '', '27.00', '19.00', '19.00', 1, 100, 1, 2, 'SKU1392', '2023-03-01', '2024-02-01', '1 PACK', 410),
('VAGINAX PESSARIES', '', '7.00', '4.00', '4.00', 1, 100, 1, 5, 'SKU1393', '2023-08-01', '2024-02-01', '1 PACK', 411),
('WELLWOMAN +PLUS DUAL PACK', '', '120.00', '85.00', '85.00', 1, 100, 1, 1, 'SKU1394', '2023-03-01', '2024-02-01', '1 PACK', 412),
('EVECARE SYRUP 200ML', '', '38.00', '28.41', '28.41', 1, 100, 1, 1, 'SKU1395', '2024-04-01', '2024-02-01', '1 PACK', 413),
('LAVESTEN C PESSARIES', '', '15.00', '9.98', '9.98', 1, 100, 1, 5, 'SKU1396', '2023-01-01', '2024-02-01', '1 PACK', 414),
('GYNOMYCOLEX PESSARIES LUEX', '', '24.00', '17.90', '17.90', 1, 100, 1, 6, 'SKU1397', '2023-03-01', '2024-02-01', '1 PACK', 415),
('MYCOLEX CREAM - LUEX', '', '20.00', '15.00', '15.00', 1, 100, 1, 4, 'SKU1398', '2024-01-01', '2024-02-01', '1 PACK', 416),
('IV CLINDAMYCIN  150MG per AMP', '', '18.00', '13.00', '13.00', 1, 100, 1, 2, 'SKU1388', '2023-02-01', '2024-02-01', '1ML', 417),
('POLYGNAX PESSARIES per STRIP', '', '39.00', '29.00', '29.00', 1, 100, 1, 2, 'SKU1399', '2023-05-01', '2024-02-01', '1 PACK', 418),
('KETAZOL CREAM', '', '10.00', '5.20', '5.20', 1, 100, 1, 2, 'SKU1400', '2023-01-16', '2024-02-01', 'SHALINA', 419),
('EPHEDRINE IV 30MG  / AMP', '', '27.00', '20.00', '20.00', 1, 100, 1, 4, 'SKU1399', '2023-05-01', '2024-02-01', '2ML', 420),
('DREZ V Gel', '', '23.00', '16.75', '16.75', 1, 100, 1, 4, 'SKU1401', '2022-11-01', '2024-02-01', '1 PACK', 421),
('CAMEL ANTISEPTIC 250ML', '', '18.00', '12.32', '12.32', 1, 100, 1, 1, 'SKU1402', '2024-09-01', '2024-02-01', '1 PACK', 422),
('DICLOFENAC  INJ 75MG / AMPOULE - TROGE', '', '1.50', '0.35', '0.35', 1, 99, 1, 7, 'SKU1401', '2022-11-01', '2024-02-01', '2ML', 423),
('TAB CLAVUNOVA 625mg', '', '24.00', '18.04', '18.04', 2, 100, 1, 1, 'SKU1403', '2023-10-01', '2024-02-01', '10ML', 425),
('HYDROCORTISONE CREAM 30g - EXETER', '', '24.00', '14.54', '14.54', 1, 100, 1, 5, 'SKU1404', '2023-02-01', '2024-02-01', '1 TUBE', 426),
('ITRACONAZOLE CAPS per CAPSULE', '', '3.00', '2.12', '2.12', 1, 100, 1, 5, 'SKU1404', '2023-10-01', '2024-02-01', '10ML', 427),
('SALBUTAMOL TABLETS 4MG', '', '1.00', '0.32', '0.32', 2, 99, 1, 10, 'SKU1405', '2023-02-01', '2024-02-01', '10TABS / S', 428),
('ARABA BA ZHEN  TAB', '', '27.00', '20.00', '20.00', 1, 100, 1, 3, 'SKU1405', '2023-03-01', '2024-02-01', '20s', 429),
('SALBUTAMOL SYRUP', 'ECL', '7.00', '4.98', '4.98', 1, 100, 1, 4, 'SKU1406', '2024-05-01', '2024-02-01', '200', 430),
('DINAT CAPS', '', '21.00', '16.00', '16.00', 1, 100, 1, 3, 'SKU1406', '2024-01-01', '2024-02-01', '30s', 431),
('RAPINOL TABLETS', '', '0.80', '0.43', '0.43', 1, 100, 1, 15, 'SKU1407', '2023-10-01', '2024-02-01', '1s', 432),
('DIAZEPAM 5-10MG TAB / STRIP', '', '1.00', '0.40', '0.40', 2, 100, 1, 9, 'SKU1407', '2024-02-01', '2024-02-01', '10TABS / S', 433),
('PAIN OFF TABLET', '', '0.80', '0.36', '0.36', 1, 100, 1, 15, 'SKU1408', '2026-01-01', '2024-02-01', '1s', 434),
('DEXAMETHACIN TAB -  DEXONE TABLETS', '', '3.00', '1.21', '1.21', 1, 100, 1, 5, 'SKU1409', '2023-01-02', '2024-02-01', '1 PACK', 436),
('ZUDREX PACK', '', '4.50', '3.15', '3.15', 1, 100, 1, 3, 'SKU1410', '2023-02-01', '2024-02-01', '1 PACK', 437),
('DICLO SUPP 100MG / STRIP - LAVINAC', '', '6.00', '4.30', '4.30', 1, 100, 1, 9, 'SKU1409', '2023-01-01', '2024-02-01', '5', 438),
('ESKADOL NYTE - ESKAY', '', '3.00', '1.80', '1.80', 1, 100, 1, 5, 'SKU1411', '2024-03-01', '2024-02-01', '1 PACK', 439),
('CLODIFEN SUPP - PACK', '', '18.00', '12.98', '12.98', 1, 100, 1, 0, 'SKU1411', '2024-07-01', '2024-02-01', '6', 440),
('GEBEDOL FORTE', '', '2.50', '1.60', '1.60', 1, 100, 1, 12, 'SKU1412', '2023-08-01', '2024-02-01', '1 PACK', 441),
('PIROXICAM  CAPS Blister - LETACAM', '', '1.00', '0.61', '0.61', 1, 100, 1, 8, 'SKU1413', '2023-11-01', '2024-02-01', '1s', 442),
('PARAFENAC TABLET', '', '2.00', '1.30', '1.30', 1, 100, 1, 15, 'SKU1414', '2023-01-01', '2024-02-01', '1 PACK', 443),
('PELADOL EXTRA', '', '3.00', '1.00', '1.00', 1, 100, 1, 10, 'SKU1415', '2023-12-01', '2024-02-01', '1 STRIP', 444),
('ALLU DRUGS', '', '1.00', '0.55', '0.55', 1, 100, 1, 10, 'SKU1416', '2024-01-01', '2024-02-01', '1s', 445),
('PARA SUPP 250 per SUPP - SUPOFEN EXETER', '', '1.20', '0.80', '0.80', 1, 100, 1, 6, 'SKU1417', '2025-05-01', '2024-02-01', '1s', 446),
('GEBEDOL PLAIN', '', '2.50', '1.74', '1.74', 1, 100, 1, 6, 'SKU1418', '2024-04-01', '2024-02-01', '1 PACK', 447),
('GEBEDOL EXTRA', '', '3.00', '2.10', '2.10', 1, 100, 1, 5, 'SKU1419', '2023-01-02', '2024-02-01', '1 PACK', 448),
('WELLWOMAN MAX 84s', '', '200.00', '144.30', '144.30', 1, 100, 1, 1, 'SKU1420', '2024-02-01', '2024-02-01', '1s', 449),
('LOFNAC 100 TABLET', '', '2.50', '1.48', '1.48', 1, 98, 1, 10, 'SKU1421', '2023-09-01', '2024-02-01', '1 PACK', 450),
('LOFNAC 50 TABLET', '', '1.50', '1.00', '1.00', 1, 100, 1, 14, 'SKU1422', '2022-12-01', '2024-02-01', '1 PACK', 451),
('Diclofenac tab 50mg', '', '1.50', '0.90', '0.90', 1, 99, 1, 10, 'SKU1423', '2024-01-02', '2024-02-01', '1 PACK', 452),
('DICLOFENAC  TAB 100mg  per BLISTER - exeter', '', '3.00', '1.30', '1.30', 1, 100, 1, 1, 'SKU1424', '2023-07-01', '2024-02-01', '1PK', 453),
('DOLOPINE TAB PACK ECL', '', '4.00', '2.89', '2.89', 1, 100, 1, 7, 'SKU1425', '2024-08-08', '2024-02-01', '1s', 454),
('DICLOFENAC FORTE ECL', '', '3.00', '1.98', '1.98', 1, 100, 1, 2, 'SKU1426', '2022-11-01', '2024-02-01', '1PK', 455),
('ORS HYDOLYTE ALL', '', '1.00', '0.54', '0.54', 1, 100, 1, 30, 'SKU1427', '2024-02-01', '2024-02-01', '1s', 456),
('EYECOPEN CAPS per STRIP', '', '8.50', '6.10', '6.10', 1, 100, 1, 2, 'SKU1428', '2023-10-01', '2024-02-01', '1s', 457),
('VITAMINE B CO STRONG Blister', 'BCO STRONG', '4.00', '1.42', '1.42', 1, 100, 1, 0, 'SKU1429', '2024-12-01', '2024-02-01', '1s', 458),
('TRANEXAMIC TAB per TAB- EXETER', '', '2.00', '1.50', '1.50', 1, 100, 1, 30, 'SKU1430', '2024-08-01', '2024-02-01', '1TAB', 459),
('NAT B CAPS PACK', '', '69.00', '50.68', '50.68', 1, 100, 1, 1, 'SKU1431', '2023-05-01', '2024-02-01', '1 PACK', 460),
('PROMAN ORIGINAL', '', '50.00', '31.97', '31.97', 1, 99, 1, 2, 'SKU1432', '2023-01-01', '2024-02-01', '1 PACK', 461),
('PROMAN 50+  CAPS', '', '40.00', '33.98', '33.98', 1, 100, 1, 2, 'SKU1433', '2022-06-02', '2024-02-01', '1 PACK', 462),
('PROWOMAN ORIGNAL CAPS', '', '58.00', '40.93', '40.93', 1, 100, 1, 2, 'SKU1434', '2024-04-01', '2024-02-01', '1PACK', 463),
('5CC SYRINGE & NEEDLE', '', '0.50', '0.32', '0.32', 1, 295, 1, 0, 'SKU1412', '2023-06-01', '2023-05-01', '5ML', 464),
('AQUA FOR INJ', '', '1.00', '0.50', '0.50', 1, 100, 1, 9, 'SKU1435', '2023-02-01', '2024-02-01', '10ML', 465),
('Prowoman  50+ Capsules - EXETER', '', '55.00', '40.98', '40.98', 1, 100, 1, 2, 'SKU1435', '2023-11-01', '2024-02-01', '1PACK', 466),
('GIVING SET', '', '1.50', '1.00', '1.00', 1, 100, 1, 9, 'SKU1436', '2024-10-01', '2024-02-01', '10', 467),
('MARTINS LIVER SALT', '', '1.00', '0.46', '0.46', 1, 100, 1, 10, 'SKU1436', '2023-02-01', '2024-02-01', '1s', 468),
('ABIDEC multi DROPS', 'ABIDEC multi DROPS', '75.00', '57.00', '57.00', 1, 1000, 1, 90, 'SKU1437', '2023-07-01', '2023-05-31', '1s', 469),
('CANULA  ALL COLORS', '', '1.50', '1.00', '1.00', 1, 100, 1, 8, 'SKU1437', '2024-02-01', '2024-02-01', '2', 470),
('AKUMADADA', '', '1.00', '0.60', '0.60', 1, 100, 1, 5, 'SKU1438', '2024-01-02', '2024-02-01', '1', 471),
('NO 10 LIVER SALT ALL', 'NO10', '1.00', '0.48', '0.48', 1, 100, 1, 25, 'SKU1438', '2023-01-01', '2024-02-01', '1s', 472),
('MALARIA RDT Kit', '', '5.00', '3.60', '3.60', 1, 100, 1, 0, 'SKU1439', '2024-04-01', '2024-02-01', '1s', 473),
('SOLUBLE VIT C +  ALL BRANDS', '', '26.00', '19.98', '19.98', 1, 100, 1, 2, 'SKU1439', '2024-03-01', '2024-02-01', '20 IN A TU', 474),
('DUREX CONDOM', '', '11.00', '7.50', '7.50', 1, 100, 1, 9, 'SKU1440', '2023-10-01', '2024-02-01', '3 PIECE', 475),
('MALARIA TEST Kit - ONE STEP RDT', '', '7.00', '4.37', '4.37', 1, 100, 1, 10, 'SKU1440', '2024-01-01', '2024-02-01', '1s', 476),
('FIESTA CONDOM', '', '4.00', '2.80', '2.80', 1, 100, 1, 9, 'SKU1441', '2024-01-01', '2024-02-01', '3', 477),
('MOODS CONDOM', '', '5.00', '2.80', '2.80', 1, 100, 1, 8, 'SKU1442', '2023-07-01', '2024-02-01', '3', 478),
('KISS CONDOM', '', '3.00', '1.46', '1.46', 1, 100, 1, 9, 'SKU1443', '2023-01-01', '2024-02-01', '30', 479),
('MASCULAN LUBRICANT 70ML', '', '27.00', '18.50', '18.50', 1, 100, 1, 5, 'SKU1444', '2023-10-01', '2024-02-01', '75ML', 480),
('FIESTA  / MASCULIN LUBRICANT 40ML', '', '20.00', '15.00', '15.00', 1, 100, 1, 5, 'SKU1445', '2023-01-01', '2024-02-01', '40', 481),
('SISTER INTIMATE WASH', '', '15.00', '11.00', '11.00', 1, 100, 1, 5, 'SKU1446', '2023-02-01', '2024-02-01', '20', 482),
('MEDISOFT REPELLANT', '', '6.00', '4.55', '4.55', 1, 100, 1, 3, 'SKU1447', '2023-06-01', '2024-02-01', '20', 483),
('AZILEX SUSPENSION - LUEX', '', '17.00', '12.00', '12.00', 1, 100, 1, 1, 'SKU1448', '2023-08-01', '2024-02-01', '250ML', 484),
('SAVLON ANTISEP 500ML', '', '32.00', '23.10', '23.10', 1, 100, 1, 0, 'SKU1449', '2025-03-01', '2024-02-01', '500', 485),
('SECURE PILLS per Blister', '', '1.50', '1.16', '1.16', 1, 100, 1, 20, 'SKU1448', '2023-04-01', '2024-02-01', '1s', 486),
('SAVLON ANTISEPTIC 250ML', '', '21.00', '15.52', '15.52', 1, 100, 1, 1, 'SKU1450', '2025-09-01', '2024-02-01', '250ML', 487),
('UPT CASSETTE HCG', '', '5.00', '3.30', '3.30', 1, 100, 1, 15, 'SKU1450', '2023-08-01', '2024-02-01', '1s', 488),
('SHALTOUX LOZENGES', '', '1.00', '0.70', '0.70', 1, 100, 1, 9, 'SKU1451', '2024-02-01', '2024-02-01', '200', 489),
('LUEX INHALER / ONE', '', '5.50', '4.00', '4.00', 1, 100, 1, 5, 'SKU1452', '2023-03-01', '2024-02-01', '1', 490),
('LAVINAC DICLOFENAC  gel', 'LAVINAC', '5.00', '2.85', '2.85', 1, 100, 1, 5, 'SKU1451', '2023-11-01', '2024-02-01', '1s', 491),
('CATACOLD CAPS', '', '5.00', '3.10', '3.10', 1, 100, 1, 1, 'SKU1453', '2024-08-01', '2024-02-01', '1', 492),
('LOFNAC GEL Tube', '', '7.50', '5.44', '5.44', 1, 100, 1, 2, 'SKU1454', '2023-01-01', '2024-02-01', '1TUBE', 493),
('CITRO C', 'A EFAH', '2.00', '1.40', '1.40', 1, 100, 1, 10, 'SKU1454', '2023-01-01', '2024-02-01', '10TABS / S', 494),
('ZUBES LOZENGES', '', '1.00', '0.70', '0.70', 1, 100, 1, 10, 'SKU1455', '2023-06-01', '2024-02-01', '4', 495),
('PINPAC GEL  30g', '', '5.00', '3.63', '3.63', 1, 100, 1, 4, 'SKU1455', '2023-08-01', '2024-02-01', '1s', 496),
('WOODS SYRUP', '', '1.00', '0.63', '0.63', 1, 100, 1, 8, 'SKU1456', '2025-01-01', '2024-02-01', '10ML', 497),
('MENTHOX LOZENGES', '', '1.00', '0.51', '0.51', 1, 100, 1, 8, 'SKU1457', '2024-06-01', '2024-02-01', '4', 498),
('CIPROLEX EYE OINTMENT - LUEX', '', '14.00', '10.00', '10.00', 1, 100, 1, 1, 'SKU1456', '2023-05-01', '2024-02-01', '1s', 499),
('DICLOFENAC GEL 30G DICLONOVA GEL', '', '5.00', '1.66', '1.66', 1, 100, 1, 5, 'SKU1458', '2022-10-01', '2024-02-01', '1s', 500),
('MIXTAB', '', '1.30', '0.72', '0.72', 1, 100, 1, 5, 'SKU1458', '2025-01-01', '2024-02-01', '4', 501),
('KWIK ACTION', '', '1.00', '0.68', '0.68', 1, 100, 1, 6, 'SKU1459', '2023-08-01', '2024-02-01', '4', 502),
('MYCOLEX 3 CREAM 30g', '', '20.00', '15.00', '15.00', 1, 100, 1, 1, 'SKU1459', '2022-10-01', '2024-02-01', '1s', 503),
('EFPAC TABLETS', 'A EFAH', '2.00', '1.22', '1.22', 1, 100, 1, 10, 'SKU1460', '2024-04-01', '2024-02-01', '10TABS / S', 504),
('SURFAZ CREAM', '', '15.00', '11.04', '11.04', 1, 100, 1, 0, 'SKU1460', '2022-07-01', '2024-02-01', '1 TUBE', 505),
('OTRIVIN CHILD DROPS', '', '17.00', '16.39', '16.39', 1, 100, 1, 10, 'SKU1461', '2022-06-01', '2024-02-01', '1', 506),
('DEMACOT CREAM 15g', '', '15.00', '11.00', '11.00', 1, 100, 1, 5, 'SKU1461', '2025-10-01', '2024-02-01', '1TUBE', 507),
('OTRIVIN ADULT Drops', '', '26.00', '18.98', '18.98', 1, 100, 1, 1, 'SKU1462', '2023-06-01', '2024-02-01', '1', 508),
('KLOF GEL 30 gram', '', '7.00', '3.50', '3.50', 1, 97, 1, 5, 'SKU1462', '2023-08-01', '2024-02-01', '1s', 509),
('MAJOR NASAL DROP', '', '12.00', '8.50', '8.50', 1, 100, 1, 1, 'SKU1463', '2025-10-01', '2024-02-01', '1', 510),
('NEOHYCOLEX DROPS', 'LUEX', '20.00', '15.00', '15.00', 1, 100, 1, 3, 'SKU1464', '2022-08-01', '2024-02-01', '1', 511),
('EPICROM DROPS 2%', '', '22.00', '16.00', '16.00', 1, 100, 1, 4, 'SKU1465', '2024-04-01', '2024-02-01', '1', 512),
('FUNCBACT A CREAM 30g', 'ENTRANCE', '10.00', '7.00', '7.00', 1, 100, 1, 7, 'SKU1463', '2023-06-01', '2024-02-01', '1s', 513),
('SALINE NASAL DROPS', '', '6.00', '3.00', '3.00', 1, 100, 1, 2, 'SKU1466', '2023-02-01', '2024-02-01', '1', 514),
('LADINAS TABLETS', '', '6.00', '4.50', '4.50', 1, 100, 1, 5, 'SKU1466', '2023-03-01', '2024-02-01', '1s', 515),
('ARTIFICIAL TEARS DROPS', '', '26.00', '19.00', '19.00', 1, 100, 1, 5, 'SKU1467', '2022-10-01', '2024-02-01', '1', 516),
('MENSTAK TABLET', '', '4.00', '2.40', '2.40', 1, 100, 1, 5, 'SKU1467', '2024-06-01', '2024-02-01', '1s', 517),
('LYDIA POST PILL', '', '10.00', '7.62', '7.62', 1, 100, 1, 5, 'SKU1468', '2022-10-01', '2024-02-01', '1s', 518),
('OLIVE OIL EAR DROPS', '', '12.00', '8.59', '8.59', 1, 100, 1, 0, 'SKU1468', '2023-04-01', '2024-02-01', '1', 519),
('EXCLOFEN-DICLOFENAC DROPS', '', '10.00', '6.00', '6.00', 1, 100, 1, 1, 'SKU1469', '2024-07-01', '2024-02-01', '1', 520),
('EXACROM DROPS', '', '14.00', '10.38', '10.38', 1, 100, 1, 5, 'SKU1470', '2023-10-01', '2024-02-01', '1', 521),
('CONTRA 72 PILLS', '', '5.00', '2.38', '2.38', 1, 100, 1, 10, 'SKU1470', '2024-09-01', '2024-02-01', '1s', 522),
('COOL EYES DROPS - ARTIFICIAL TEARS', '', '18.00', '11.59', '11.59', 1, 100, 1, 5, 'SKU1471', '2023-10-01', '2024-02-01', '1', 523),
('BRIONA / JOY / ALISON OINTMENT -  ALL', '', '6.00', '4.00', '4.00', 1, 96, 1, 5, 'SKU1471', '2024-02-01', '2024-02-01', '1s', 524),
('CIPROLEX DROPS-LUEX', '', '14.00', '10.00', '10.00', 1, 99, 1, 2, 'SKU1472', '2023-09-01', '2024-02-01', '1', 525),
('FRICKS HERBAL LOZENGES', '', '1.50', '1.18', '1.18', 1, 100, 1, 5, 'SKU1472', '2023-01-20', '2024-02-01', '1s', 526),
('EXCIPRO / EXCIPRO DEX DROPS - EXETER', '', '10.00', '6.59', '6.59', 1, 98, 1, 1, 'SKU1473', '2022-12-01', '2024-02-01', '1', 527),
('CALAMINE OINT', '', '8.00', '5.69', '5.69', 1, 100, 1, 3, 'SKU1473', '2023-11-01', '2024-02-01', '1s', 528),
('LANTANOPROST DROP - EXETER', '', '45.00', '33.00', '33.00', 1, 100, 1, 1, 'SKU1474', '2022-10-01', '2024-02-01', '1', 529),
('NOVACIP DROPS - CIPRO DROPS', '', '3.00', '1.82', '1.82', 1, 100, 1, 5, 'SKU1475', '2022-11-01', '2024-02-01', '1', 530),
('MEDULAC LACTULOSE 25OML', '', '42.00', '29.80', '29.80', 1, 100, 1, 0, 'SKU1476', '2024-05-01', '2024-02-01', '1', 531),
('MAXITROL OINTMENT -  OCC', '', '20.00', '13.00', '13.00', 1, 100, 1, 5, 'SKU1477', '2023-01-01', '2024-02-01', '1', 532),
('TIMOLOL EXETOMOL  DROP', '', '7.00', '4.89', '4.89', 1, 100, 1, 5, 'SKU1478', '2024-01-01', '2024-02-01', '1', 533),
('EPHEDRINE DROPS', '', '4.00', '2.91', '2.91', 1, 100, 1, 5, 'SKU1479', '2023-10-01', '2024-02-01', '1', 534),
('SUDOCREAM  60g', '', '27.00', '20.17', '20.17', 1, 100, 1, 1, 'SKU1478', '2024-02-01', '2024-02-01', '1s', 535),
('GENTAMICIN DROP', '', '5.00', '3.11', '3.11', 1, 100, 1, 5, 'SKU1480', '2023-10-01', '2024-02-01', '1', 536),
('SUDOCREAM 120g', '', '30.00', '29.00', '29.00', 1, 100, 1, 0, 'SKU1480', '2023-09-01', '2024-02-01', '1s', 537),
('POLAR ICE', '', '22.00', '15.52', '15.52', 1, 100, 1, 2, 'SKU1481', '2024-11-01', '2024-02-01', '1s', 538),
('VASELINE  BLUE SEAL 250g', '', '18.00', '12.00', '12.00', 1, 100, 1, 2, 'SKU1482', '2023-04-01', '2024-02-01', '1s', 539),
('PMF CREAM', '', '12.00', '8.94', '8.94', 1, 97, 1, 3, 'SKU1483', '2023-12-01', '2024-02-01', '1s', 540),
('DYKLO SPRAY', '', '75.00', '55.00', '55.00', 1, 100, 1, 1, 'SKU1484', '2024-03-01', '2024-02-01', '1s', 541),
('DREZ SOLUTION 30ml', '', '9.00', '6.60', '6.60', 1, 98, 1, 4, 'SKU1485', '2024-01-01', '2024-02-01', '1s', 542),
('DREZ OINTMENT 10g', '', '9.00', '6.47', '6.47', 1, 100, 1, 3, 'SKU1486', '2024-01-01', '2024-02-01', '1s', 543),
('DREZ OINTMENT 30g', 'ECL', '15.00', '10.07', '10.07', 1, 100, 1, 3, 'SKU1487', '2022-07-01', '2024-02-01', '1s', 544),
('DREZ SOLUTION 100ML', '', '18.00', '13.25', '13.25', 1, 110, 1, 2, 'SKU1488', '2022-07-01', '2024-02-01', '1s', 545),
('GAUZE Bandage s/s', '', '1.00', '0.60', '0.60', 1, 100, 1, 20, 'SKU1489', '2025-10-10', '2024-02-01', '1s', 546),
('GAUZE BANDAGE L/S', '', '1.50', '1.20', '1.20', 1, 100, 1, 24, 'SKU1490', '2025-05-01', '2024-02-01', '1s', 547),
('REDSUN JELLY', '', '2.50', '1.65', '1.65', 1, 100, 1, 10, 'SKU1491', '2023-10-02', '2024-02-01', '1s', 548),
('BEBE FOOD SUPPLEMENT', '', '7.00', '5.00', '5.00', 1, 100, 1, 4, 'SKU1492', '2024-01-02', '2024-02-01', '1s', 549),
('BLUMOON TAB per PACK', '', '4.00', '2.23', '2.23', 1, 97, 1, 5, 'SKU1493', '2023-05-01', '2024-02-01', '1PK', 550),
('SILDENAFIL EXETER 50 /100MG per TAB', '', '2.50', '1.30', '1.30', 1, 100, 1, 17, 'SKU1494', '2023-01-01', '2024-02-01', '1s', 551),
('DRAGON TAB per TAB', '', '6.00', '4.47', '4.47', 1, 100, 1, 8, 'SKU1495', '2023-11-01', '2024-02-01', '1s', 552),
('MR Q SYRUP', '', '6.00', '3.60', '3.60', 1, 100, 1, 4, 'SKU1496', '2024-02-01', '2024-02-01', '1s', 553),
('ELASTIC BANDAGE 2\'\' S/S', '', '2.50', '1.80', '1.80', 1, 50, 1, 1, 'SKU1497', '2023-11-02', '2024-02-01', '1s', 554),
('LEVOTHYROXINE 50MG', '', '18.00', '13.00', '13.00', 1, 100, 1, 0, 'SKU1498', '2023-07-01', '2024-02-01', '1PACK', 555),
('EVALINA INTIMATE SPRAY', '', '20.00', '13.00', '13.00', 1, 80, 1, 2, 'SKU1499', '2024-01-01', '2024-02-01', '1s', 556),
('INFA V WASH 100ML', '', '23.00', '16.00', '16.00', 1, 100, 1, 2, 'SKU1500', '2022-09-01', '2024-02-01', '1s', 557),
('LAVET 10 ML', '', '25.00', '17.29', '17.29', 1, 100, 1, 2, 'SKU1501', '2026-01-01', '2024-02-01', '1s', 558),
('HILADY INTIMATE WASH', '', '23.00', '17.25', '17.25', 1, 100, 1, 3, 'SKU1502', '2023-05-01', '2024-02-01', '1s', 559),
('IDEOS CALCIUM CAPS per BOTTLE', '', '35.00', '26.00', '26.00', 1, 100, 1, 1, 'SKU1503', '2023-02-01', '2024-02-01', '1PACK', 560),
('BETHANECHOL CHLORIDE per TAB', '', '8.00', '5.00', '5.00', 1, 100, 1, 50, 'SKU1504', '2023-11-01', '2024-02-01', '1s', 561),
('OXYBUTYNIN 2.5MG per TAB', '', '1.00', '0.54', '0.54', 1, 100, 1, 10, 'SKU1505', '2023-06-01', '2024-02-01', '1s', 562),
('DIABETONE CAPS per STRIP', '', '20.00', '30.00', '30.00', 1, 100, 1, 1, 'SKU1506', '2023-04-01', '2024-02-01', '1s', 563),
('PROSLUV CAPSULE', '', '27.00', '20.00', '20.00', 1, 100, 1, 3, 'SKU1507', '2023-03-01', '2024-02-01', '1s', 564),
('TRUMAN CAPSULES', '', '22.00', '15.00', '15.00', 1, 100, 1, 3, 'SKU1508', '2022-12-01', '2024-02-01', '1s', 565),
('PERFECTIL PLAIN CAPS', '', '75.00', '56.00', '56.00', 1, 100, 1, 2, 'SKU1509', '2024-02-01', '2024-02-01', '1pk', 566),
('OSTEOCARE CAPS Original', '', '54.00', '39.98', '39.98', 1, 100, 1, 1, 'SKU1510', '2025-02-01', '2024-02-01', '1PACK', 567),
('GOSERILIN 10.8MG - ZOLADEX', '', '1890.00', '1619.40', '1619.40', 1, 100, 1, 1, 'SKU1511', '2023-09-01', '2024-02-01', '1s', 568),
('PARA SUPP 125 per  STRIP ALL - GACET LAVIFLAM NOVAMOL', '', '3.50', '2.50', '2.50', 1, 100, 1, 15, 'SKU1512', '2022-08-01', '2024-02-01', '1s', 569),
('PARA SUPP 500 per SUPP - SUPOFEN ( EXETER )', '', '2.00', '1.37', '1.37', 1, 100, 1, 7, 'SKU1513', '2024-10-01', '2024-02-01', '1s', 570),
('PARA SUPP 125 per SUPP - SUPOFEN ( EXETER )', '', '1.00', '0.53', '0.53', 1, 100, 1, 8, 'SKU1514', '2023-10-01', '2024-02-01', '1s', 571),
('DOMI 10 SUPPOSITORY per PACK', '', '15.00', '9.52', '9.52', 1, 100, 1, 0, 'SKU1515', '2023-09-01', '2024-02-01', '1s', 572),
('PARA DENK  SUPP 125 per SUPP', '', '1.80', '1.40', '1.40', 1, 100, 1, 4, 'SKU1516', '2023-09-01', '2024-02-01', '1s', 573),
('PARA DENK SUPP 250 per SUPP', '', '2.00', '1.50', '1.50', 1, 100, 1, 4, 'SKU1517', '2022-07-01', '2024-02-01', '1s', 574),
('IV SALINE 5Ltr bag KABSAD', '', '50.00', '40.00', '40.00', 1, 100, 1, 7, 'SKU1518', '2024-01-01', '2024-02-01', '1s', 575),
('RINGERS 0.5tr bag KABSAD', '', '6.00', '4.70', '4.70', 1, 100, 1, 7, 'SKU1519', '2024-01-20', '2024-02-01', '1s', 576),
('IV SALINE 500ml KABSAD', '', '6.00', '4.67', '4.67', 1, 100, 1, 7, 'SKU1520', '2024-01-02', '2024-02-01', '1s', 577),
('IV DEXTROSE DNS 250ml bag KABSAD', '', '6.00', '4.70', '4.70', 1, 100, 1, 7, 'SKU1521', '2023-10-12', '2024-02-01', '1s', 578),
('BUNDLE COTTON DIGAMED 100g', '', '8.00', '4.70', '4.70', 1, 100, 1, 1, 'SKU1522', '2024-01-01', '2024-02-01', '1s', 579),
('TETRACYCLINE  OINTMENT', '', '3.00', '2.10', '2.10', 1, 100, 1, 1, 'SKU1523', '2023-12-01', '2024-02-01', '1s', 580),
('PLASTER ROLL 1\'\' s/s Brown', '', '5.00', '3.80', '3.80', 1, 100, 1, 2, 'SKU1524', '2023-10-01', '2024-02-01', '1s', 581),
('SILVER SULFADIAZINE Cream LAVINA', '', '15.00', '8.98', '8.98', 1, 100, 1, 4, 'SKU1525', '2023-12-01', '2024-02-01', '1s', 582),
('SILVERZINE CREAM 30g', '', '9.00', '6.73', '6.73', 1, 100, 1, 3, 'SKU1526', '2023-01-02', '2024-02-01', '1S', 583),
('LEXSPORIN CREAM', '', '27.00', '20.00', '20.00', 1, 100, 1, 2, 'SKU1527', '2023-05-01', '2024-02-01', '1s', 584),
('LEXSPORIN POWDER', '', '20.00', '16.00', '16.00', 1, 100, 1, 2, 'SKU1528', '2023-08-01', '2024-02-01', '1s', 585),
('EPIDERM CREAM', '', '6.00', '4.13', '4.13', 1, 100, 1, 4, 'SKU1529', '2023-01-01', '2024-02-01', '1s', 586),
('AMIDERM CREAM 30g', '', '5.00', '3.08', '3.08', 1, 96, 1, 4, 'SKU1530', '2023-01-01', '2024-02-01', '1s', 587),
('PENICILLIN Ointment 30g', '', '6.00', '4.00', '4.00', 1, 100, 1, 3, 'SKU1531', '2024-08-01', '2024-02-01', '1s', 588),
('ABONIKI BALM', '', '6.00', '4.20', '4.20', 1, 200, 1, 2, 'SKU1532', '2024-02-07', '2024-01-07', '1s', 589),
('ROBB s/s', '', '1.00', '0.60', '0.60', 1, 100, 1, 5, 'SKU1533', '2023-01-20', '2024-02-01', '1s', 590),
('TUSHIES BABY WIPES', '', '12.00', '8.50', '8.50', 1, 100, 1, 4, 'SKU1534', '2023-01-01', '2024-02-01', '1PK', 591),
('EXAM Gloves pieces', '', '1.50', '0.70', '0.70', 1, 100, 1, 15, 'SKU1535', '2023-05-01', '2024-02-01', '1s', 592),
('EXAM GLOVES per PACK', '', '65.00', '48.00', '48.00', 1, 100, 1, 2, 'SKU1536', '2023-01-02', '2024-02-01', '1s', 593),
('Diaspot UPT stripes', '', '3.00', '1.50', '1.50', 1, 100, 1, 1, 'SKU1537', '2023-01-02', '2024-02-01', '1s', 594),
('NEPHROSTOMY TUBE', '', '560.00', '410.00', '410.00', 1, 100, 1, 1, 'SKU1538', '2024-01-01', '2024-02-01', '1s', 595),
('PROSTACARE CAPS', '', '70.00', '52.21', '52.21', 1, 100, 1, 3, 'SKU1539', '2024-08-01', '2024-02-01', '1s', 596),
('ZEMAN CAPSULES', '', '70.00', '52.25', '52.25', 1, 100, 1, 7, 'SKU1540', '2023-03-01', '2024-02-01', '1pk', 597),
('LIVOLIN FORTE', '', '60.00', '45.00', '45.00', 1, 100, 1, 2, 'SKU1541', '2023-10-11', '2024-02-01', '1s', 598),
('LIVOMYN CAPSULES', '', '24.00', '17.00', '17.00', 1, 100, 1, 4, 'SKU1542', '2023-10-01', '2024-02-01', '1PK', 599),
('PERFECTIL PLUS CAPS', '', '200.00', '144.83', '144.83', 1, 100, 1, 1, 'SKU1543', '2024-12-01', '2024-02-01', '1PACK', 600),
('PLEASURE GEL LUBRICANT', 'ALL', '25.00', '17.59', '17.59', 1, 100, 1, 2, 'SKU1544', '2024-07-01', '2024-02-01', '1s', 601),
('BONJELA JNR OINTMENT', '', '53.00', '39.15', '39.15', 1, 100, 1, 1, 'SKU1545', '2023-02-01', '2024-02-01', '1s', 602),
('TADALAFIL + Trama. spray', 'SPRAY', '180.00', '150.00', '150.00', 1, 100, 1, 2, 'SKU1546', '2023-01-01', '2024-02-01', '1s', 603),
('DRAGON DELAY SPRAY', '', '34.00', '25.59', '25.59', 1, 100, 1, 2, 'SKU1547', '2025-02-02', '2024-02-01', '1s', 604),
('K Y Gel 83g', 'KY', '54.00', '40.00', '40.00', 1, 100, 1, 1, 'SKU1548', '2023-03-01', '2024-02-01', '1s', 605),
('M2 TONE Caps', 'M 2', '75.00', '54.00', '54.00', 1, 100, 1, 3, 'SKU1549', '2023-01-01', '2024-02-01', '1s', 606),
('WELLWOMAN Original', '', '75.00', '56.17', '56.17', 1, 100, 1, 2, 'SKU1550', '2023-01-02', '2024-02-01', '1s', 607),
('WELLWOMAN 50+ Caps', '', '90.00', '65.95', '65.95', 1, 100, 1, 1, 'SKU1551', '2023-03-01', '2024-02-01', '1s', 608),
('WELLMAN Original', '', '75.00', '56.00', '56.00', 1, 100, 1, 1, 'SKU1552', '2023-11-01', '2024-02-01', '1s', 609),
('WELLMAN 50+', '', '70.00', '57.90', '57.90', 1, 100, 1, 1, 'SKU1553', '2023-03-01', '2024-02-01', '1s', 610),
('PREGNACARE Original', '', '70.00', '52.00', '52.00', 1, 100, 1, 1, 'SKU1554', '2024-03-01', '2024-02-01', '1s', 611),
('PREGNACARE plus Omega', '', '132.00', '97.57', '97.57', 1, 100, 1, 2, 'SKU1555', '2023-11-01', '2024-02-01', '1s', 612),
('ORTHOKIT', '', '30.00', '21.00', '21.00', 1, 100, 1, 1, 'SKU1556', '2023-03-02', '2024-02-01', '1s', 613),
('VITAMINE E - ENAT 400PACK', '', '52.00', '38.00', '38.00', 1, 100, 1, 2, 'SKU1557', '2024-06-01', '2024-02-01', '1s', 614),
('EXTRAFLEX', '', '60.00', '44.50', '44.50', 1, 100, 1, 1, 'SKU1558', '2023-01-12', '2024-02-01', '1s', 615),
('ZANZA VITAMINE E Caps', '', '30.00', '21.92', '21.92', 1, 100, 1, 3, 'SKU1559', '2024-03-01', '2024-02-01', '1s', 616),
('LIVOPAT CAPSULES', '', '28.00', '20.31', '20.31', 1, 96, 1, 2, 'SKU1560', '2023-02-01', '2024-02-01', '1s', 617),
('NEUROPAT CAPASULES', '', '51.00', '37.82', '37.82', 1, 100, 1, 1, 'SKU1561', '2023-06-01', '2024-02-01', '1s', 618),
('CYTOTEC per TAB', '', '5.00', '2.70', '2.70', 1, 100, 1, 10, 'SKU1562', '2023-01-01', '2024-02-01', '1s', 619),
('PREGABLIN  75mg per STRIP - PREGASAFE', '', '20.00', '13.33', '13.33', 1, 100, 1, 3, 'SKU1563', '2024-03-01', '2024-02-01', '1s', 620),
('CARDIOPAT CAPS', '', '25.00', '16.78', '16.78', 1, 100, 1, 2, 'SKU1564', '2022-07-01', '2024-02-01', '1s', 621),
('PREGNACARE MAX', '', '180.00', '140.00', '140.00', 1, 100, 1, 1, 'SKU1565', '2023-11-01', '2024-02-01', '1s', 622),
('NAPROSEN EC TAB', '', '11.00', '7.80', '7.80', 1, 100, 1, 5, 'SKU1566', '2023-02-01', '2024-02-01', '28', 623),
('AMLODIPINE 5mg TAB AMLONOVA 5- Pharmanova', '', '8.00', '3.50', '3.50', 1, 100, 1, 7, 'SKU1567', '2023-02-01', '2024-02-01', '1', 624),
('BISOPROLOL 2.5MG - TEVA', '', '8.00', '5.98', '5.98', 1, 100, 1, 2, 'SKU1568', '2024-04-01', '2024-02-01', '28s', 625),
('LOSARTAN  POTASSIUM 100mg - LOSAT 100 ( Pharmanova )', '', '15.00', '10.51', '10.51', 1, 100, 1, 4, 'SKU1569', '2022-06-01', '2024-02-01', '30s', 626),
('LOSARTAN POTASSIUM 100MG - EXETER', '', '15.00', '10.51', '10.51', 1, 95, 1, 1, 'SKU1570', '2022-06-01', '2024-02-01', '28s', 627),
('VIT B DENK per TAB', '', '1.70', '1.25', '1.25', 1, 100, 1, 15, 'SKU1571', '2023-09-01', '2024-02-01', '1s', 628),
('NIFEDIPINE / CARDIOFIN 20MG TABS strip - EXETER', '', '2.00', '1.50', '1.50', 1, 100, 1, 3, 'SKU1572', '2023-08-01', '2024-02-01', '10s', 629),
('NOVAPENEM 1G -  MEROPENEM 1000', '', '80.00', '57.00', '57.00', 1, 100, 1, 3, 'SKU1573', '2023-07-01', '2024-02-01', '1s', 630),
('CEFTRIAXONE VIAL EXETER', '', '8.00', '4.03', '4.03', 1, 100, 1, 4, 'SKU1574', '2024-08-01', '2024-02-01', '1s', 631),
('GACET PARA  SUPP 250 per STRIP', '', '4.00', '2.60', '2.60', 1, 100, 1, 5, 'SKU1575', '2023-02-01', '2024-02-01', '1s', 632),
('NEOSTIGMINE INJ', '', '30.00', '20.00', '20.00', 1, 100, 1, 7, 'SKU633', '2025-04-01', '2024-02-01', '1s', 633),
('BENDRO TAB ECL 2.5MG - E C L', '', '0.50', '0.32', '0.32', 1, 100, 1, 15, 'SKU634', '2022-08-01', '2024-02-01', '1s', 634),
('DYMOL TABLET', 'SANOFI', '5.00', '3.60', '3.60', 2, 100, 1, 7, 'SKU635', '2024-01-01', '2024-02-01', '10s', 635),
('NESTRIX FORTE 200ML', 'E C L', '14.00', '9.80', '9.80', 1, 100, 1, 1, 'SKU636', '2023-04-01', '2024-02-01', '200ml', 636),
('NEXCOFER PLUS EXETER 200ML', '', '21.00', '14.98', '14.98', 1, 100, 1, 2, 'SKU637', '2023-05-01', '2024-02-01', '200', 637),
('PLASTER ROLL 4\'\' L/S', '', '13.00', '8.80', '8.80', 1, 100, 1, 2, 'SKU638', '2023-09-11', '2024-02-01', '4\'\' ROLL', 638),
('PROCOLD TABLETS', '', '5.00', '3.30', '3.30', 2, 100, 1, 14, 'SKU639', '2023-01-11', '2024-02-01', '1s', 639),
('NOSTAMINE EYE/NASAL DROP', '', '20.00', '12.32', '12.32', 1, 100, 1, 3, 'SKU640', '2023-09-10', '2024-02-01', '1pack', 640),
('DEXATROL OINTMENT', '', '18.00', '12.32', '12.32', 1, 100, 1, 2, 'SKU641', '2023-08-01', '2024-02-01', '1s', 641),
('CLOMID TABLETS', '', '84.00', '65.00', '65.00', 1, 100, 1, 0, 'SKU642', '2026-05-01', '2024-02-01', '1s', 642),
('ELASTIC BANDAGE L/S 6\'\'', '', '9.00', '5.18', '5.18', 1, 100, 1, 2, 'SKU643', '2024-02-01', '2024-02-01', '1ROLL', 643),
('NO LOGO CONDOM PIECES', '', '1.00', '0.30', '0.30', 1, 100, 1, 5, 'SKU644', '2024-01-01', '2024-02-01', '3s', 644),
('MICROGYNON TABLETS', '', '20.00', '13.80', '13.80', 2, 100, 1, 3, 'SKU645', '2023-09-10', '2024-02-01', '30s', 645),
('PRIMOLUT per TAB', '', '1.50', '0.77', '0.77', 1, 100, 1, 5, 'SKU646', '2023-08-10', '2024-02-01', 'PRIMOLUT', 646),
('AMOKSIKLAV  228 SUSPENSION - UK', '', '23.00', '16.35', '16.35', 1, 100, 1, 4, 'SKU647', '2024-09-01', '2024-02-01', '100', 647),
('NO LOGO FULLPACK', '', '25.00', '14.00', '14.00', 1, 100, 1, 2, 'SKU648', '2024-01-01', '2024-02-01', '144s', 648),
('CARDIOFINE NIFEDIPINE 30MG - EXETER per strip', '', '8.00', '5.47', '5.47', 1, 100, 1, 2, 'SKU649', '2022-09-01', '2024-02-01', '14s', 649),
('KIDIVITE CHILD 15 MULTI 150ML', '', '28.00', '19.89', '19.89', 1, 100, 1, 2, 'SKU650', '2023-01-01', '2024-02-01', '150ML', 650),
('NEOFERON CAPSULES - EXETER', '', '12.00', '7.98', '7.98', 1, 100, 1, 2, 'SKU651', '2023-04-01', '2024-02-01', '30s', 651),
('PARA PACK 16s - GALPHARM', '', '8.00', '4.71', '4.71', 1, 100, 1, 3, 'SKU652', '2023-08-01', '2024-02-01', '16s', 652),
('STOPKOF LOZENGES 4s - ECL', '', '1.00', '0.40', '0.40', 1, 100, 1, 10, 'SKU653', '2023-01-01', '2024-02-01', '4s', 653),
('FAST MELT', '', '1.00', '0.45', '0.45', 1, 100, 1, 5, 'SKU654', '2023-03-01', '2024-02-01', '1s', 654),
('PREDNISOLINE 5MG per STRIP - UK', '', '12.00', '7.50', '7.50', 1, 100, 1, 1, 'SKU655', '2025-01-01', '2024-02-01', '28s', 655),
('SPEMEN CAPSULES', '', '48.00', '38.00', '38.00', 1, 100, 1, 1, 'SKU656', '2024-04-01', '2024-02-01', '28s', 656),
('ANUSOL SUPPOSITORIES per SUPP', '', '4.00', '2.50', '2.50', 1, 100, 1, 4, 'SKU657', '2024-08-01', '2024-02-01', '1s', 657),
('TAB AZITHROMYCN 500 - AZITEX 500 EXETER', '', '22.00', '14.00', '14.00', 1, 100, 1, 2, 'SKU658', '2024-02-01', '2024-02-01', '3s', 658),
('ENVICO COLD & FLU CAPS PACK', '', '32.00', '21.80', '21.80', 1, 98, 1, 0, 'SKU659', '2023-01-01', '2024-02-01', '20s', 659),
('PREGNACARE BEFORE CONCEPTION', '', '85.00', '65.00', '65.00', 1, 100, 1, 1, 'SKU660', '2023-12-01', '2024-02-01', '10s', 660),
('LYRICA  -PREGABLIN 75MG', '', '240.00', '208.69', '208.69', 1, 99, 1, 1, 'SKU661', '2024-02-01', '2024-02-01', '1s', 661),
('SLIM SMART CAPS', '', '125.00', '95.00', '95.00', 1, 100, 1, 0, 'SKU662', '2023-12-01', '2024-02-01', '1s', 662),
('SHALTOUX COUGH SYRUPS', '', '8.00', '5.15', '5.15', 1, 100, 1, -1, 'SKU663', '2023-01-01', '2024-02-01', '100', 663),
('IBUCAP FORTE TAB -SHALINA', '', '3.00', '2.10', '2.10', 1, 100, 1, 4, 'SKU664', '2023-01-01', '2024-02-01', '10s', 664),
('BETASOL CREAM 30g', '', '5.00', '3.05', '3.05', 1, 100, 1, 3, 'SKU665', '2023-01-20', '2024-02-01', '30g', 665),
('SHALTEM FORTE 1 X 6s', '', '10.00', '6.45', '6.45', 1, 100, 1, 3, 'SKU666', '2024-01-01', '2024-02-01', '6s', 666),
('POLYGEL ANTACID 200ml', '', '10.00', '6.95', '6.95', 1, 100, 1, 2, 'SKU667', '2024-07-01', '2024-02-01', '200ml', 667),
('ADDYZOA CAPSULES', '', '75.00', '52.00', '52.00', 1, 100, 1, 2, 'SKU668', '2023-01-20', '2024-02-01', '30s', 668),
('ACICLOVIR 200  EXETER- per PACK', '', '18.00', '10.37', '10.37', 1, 100, 1, 2, 'SKU669', '2023-10-01', '2024-02-01', '28s', 669),
('MAXITROL SUSPENSION', '', '22.00', '16.38', '16.38', 1, 100, 1, 1, 'SKU670', '2023-03-01', '2024-02-01', '1s', 670),
('SUSTANON ORIGINAL 250mg - Testosteron Inj', '', '130.00', '95.00', '95.00', 1, 100, 1, 2, 'SKU671', '2023-01-01', '2024-02-01', '1s', 671),
('DESMOPRESSIN TABLET  0.1MG per TAB', '', '15.00', '10.95', '10.95', 1, 100, 1, 10, 'SKU672', '2022-11-01', '2024-02-01', '1s', 672),
('TALAGENTIS TABLET 20MG per TAB', '', '5.00', '3.00', '3.00', 1, 100, 1, 5, 'SKU673', '2024-01-01', '2024-02-01', '1s', 673),
('SSS THROAT LOZENGES', '', '7.00', '4.30', '4.30', 1, 100, 1, 3, 'SKU674', '2022-10-01', '2024-02-01', '1s', 674),
('PETHIDINE INJ per VIAL', '', '30.00', '20.00', '20.00', 1, 100, 1, 5, 'SKU675', '2024-01-01', '2024-02-01', '1s', 675),
('AMOXICILLIN SUSPENSION - LUEX', '', '8.00', '5.00', '5.00', 1, 100, 1, 3, 'SKU676', '2024-06-01', '2024-02-01', '100', 676),
('BONAPLEX SYRUP - LUEX', '', '23.00', '18.90', '18.90', 1, 100, 1, 2, 'SKU677', '2023-04-01', '2024-02-01', '100', 677),
('CIPROLEX 500 TAB  PACK - LUEX', '', '18.00', '14.00', '14.00', 1, 100, 1, 3, 'SKU678', '2023-05-01', '2024-02-01', '1s', 678),
('FERROLEX SYRUP 250 - LUEX', '', '21.00', '14.90', '14.90', 1, 100, 1, 2, 'SKU679', '2023-04-01', '2024-02-01', '250', 679),
('RENALOF CAPSULES', '', '130.00', '90.00', '90.00', 1, 100, 1, 1, 'SKU680', '2023-06-01', '2024-02-01', '90s', 680),
('VITAFORCE SYRUP 250 - LUEX', '', '26.00', '18.90', '18.90', 1, 100, 1, 2, 'SKU681', '2023-12-01', '2024-02-01', '250', 681),
('WORMBAT 400 TABLET', '', '5.00', '2.50', '2.50', 1, 100, 1, 5, 'SKU682', '2024-05-01', '2024-02-01', '1s', 682),
('ACICLOVIR CREAM 5% - ACYCLOVIR', '', '35.00', '26.15', '26.15', 1, 100, 1, 1, 'SKU683', '2023-01-01', '2024-02-01', '1s', 683),
('GRISEOFULVIN 125 TAB - MYCOVIN 125', '', '3.00', '1.50', '1.50', 1, 100, 1, 10, 'SKU684', '2024-08-01', '2024-02-01', '1s', 684),
('AMITRIPTYLINE  25MG per BLISTER', '', '3.00', '1.70', '1.70', 1, 100, 1, 10, 'SKU685', '2023-06-01', '2024-02-01', '1s', 685),
('SILDENAFIL 100 TEVA per PACK 8s', '', '32.00', '16.00', '16.00', 1, 100, 1, 2, 'SKU686', '2023-01-20', '2024-02-01', '8s', 686),
('PIRITON ORIG - GSK /TABLET', '', '2.00', '1.10', '1.10', 1, 100, 1, 5, 'SKU687', '2024-03-01', '2024-02-01', '1s', 687),
('DEXATROL DROPS', '', '18.00', '12.95', '12.95', 1, 100, 1, 2, 'SKU688', '2023-09-01', '2024-02-01', '1s', 688),
('ZULU MR', '', '8.00', '5.30', '5.30', 1, 100, 1, 1, 'SKU689', '2023-01-01', '2024-02-01', '1s', 689),
('COCODAMOL TABLETS', '', '8.00', '5.20', '5.20', 1, 100, 1, 3, 'SKU690', '2024-06-01', '2024-02-01', '1s', 690),
('DREZ POWDER 10g', '', '12.00', '7.96', '7.96', 1, 100, 1, 2, 'SKU691', '2023-01-01', '2024-02-01', '1s', 691),
('PAINGAY CAPSULES', '', '4.50', '3.10', '3.10', 1, 100, 1, 3, 'SKU692', '2024-01-01', '2024-02-01', '1s', 692),
('DETTOL 250ML', '', '22.00', '15.51', '15.51', 1, 100, 1, 1, 'SKU693', '2023-01-01', '2024-02-01', '250', 693),
('SAVLON ANTISEPTIC 125ML', '', '13.00', '9.82', '9.82', 1, 100, 1, 1, 'SKU694', '2023-01-01', '2024-02-01', '1s', 694),
('FOLIGROW CAPSULES', '', '20.00', '15.00', '15.00', 1, 100, 1, 1, 'SKU695', '2024-08-08', '2024-02-01', '1s', 695),
('GUDAPET TABLET', '', '10.00', '6.73', '6.73', 1, 100, 1, 2, 'SKU696', '2023-03-01', '2024-02-01', '1s', 696),
('JEDITOINE SYRUP', '', '10.00', '6.73', '6.73', 1, 100, 1, 2, 'SKU697', '2023-01-01', '2024-02-01', '1s', 697),
('REFRESH TEARS EYE DROP 15ML', '', '68.00', '48.00', '48.00', 1, 100, 1, 1, 'SKU698', '2023-04-02', '2024-02-01', '15ML', 698),
('TRES ORIX S/S 100ML', '', '17.00', '12.00', '12.00', 1, 100, 1, 1, 'SKU699', '2023-03-01', '2024-02-01', '100ML', 699),
('KLOVINAL PESSARIES', '', '28.00', '19.66', '19.66', 1, 100, 1, 1, 'SKU700', '2023-06-06', '2024-02-01', '1s', 700),
('GALVUS MET 50/1000', '', '40.00', '30.00', '30.00', 1, 90, 1, 1, 'SKU701', '2023-01-01', '2024-02-01', '1s', 701),
('FUROSEMIDE 20MG TA B UK', '', '10.00', '6.00', '6.00', 1, 86, 1, 1, 'SKU702', '2023-03-01', '2024-02-01', '28s', 702),
('UPT PACK', '', '5.00', '3.50', '3.50', 1, 100, 1, 1, 'SKU703', '2024-01-01', '2024-02-01', '1s', 703),
('PARA EXTRA + CAFFEINE', '', '3.00', '1.28', '1.28', 1, 100, 1, 1, 'SKU704', '2024-01-01', '2024-02-01', '1s', 704),
('BIOFERON CAPS', '', '24.00', '17.49', '17.49', 1, 100, 1, 0, 'SKU705', '2023-07-01', '2024-02-01', '1s', 705),
('ELASTIC BANDAGE 3\'\' M/S', '', '5.00', '2.50', '2.50', 1, 100, 1, 1, 'SKU706', '2024-01-01', '2024-02-01', '1s', 706),
('DICLOLEX  HEAT GEL', '', '8.00', '6.00', '6.00', 1, 100, 1, 1, 'SKU707', '2024-01-01', '2024-02-01', '1s', 707),
('ovulation test kit', 'kit', '7.00', '7.00', '7.00', 1, 100, 1, 1, 'SKU708', '2024-01-01', '2024-02-01', '1s', 708),
('PRED FORTE - Prednisoline drops', '', '70.00', '52.00', '52.00', 1, 100, 1, 0, 'SKU709', '2023-01-01', '2024-02-01', '1s', 709),
('COMBIGAN EYE DROPS', '', '140.00', '107.00', '107.00', 1, 100, 1, 1, 'SKU710', '2023-01-02', '2024-02-01', '1s', 710),
('NIFEDENK 10MG RETARD', '', '4.50', '3.31', '3.31', 1, 100, 1, 1, 'SKU711', '2023-01-01', '2024-02-01', '1s', 711),
('ESSENTIAL FOLIC ACID 5MG', '', '22.00', '15.00', '15.00', 1, 100, 1, 2, 'SKU712', '2024-01-01', '2024-02-01', '30s', 712),
('VIVADONA', '', '42.00', '35.00', '35.00', 1, 100, 1, 1, 'SKU713', '2024-01-01', '2024-02-01', '1s', 713),
('KETOCONAZOL 15G - NIZORAL', '', '40.00', '30.20', '30.20', 1, 100, 1, 0, 'SKU714', '2024-03-01', '2024-02-01', '15G', 714),
('ACICLOVIR 400MG 14s per STRIP - EXETER', '', '12.00', '8.75', '8.75', 1, 100, 1, 1, 'SKU715', '2024-03-01', '2024-02-01', '400MG', 715),
('SUPER APETI PLUS', '', '13.00', '9.50', '9.50', 1, 100, 1, 1, 'SKU716', '2024-06-01', '2024-02-01', '100ML', 716),
('RONCIP D DROPS', '', '12.00', '8.50', '8.50', 1, 100, 1, -1, 'SKU717', '2024-07-01', '2024-02-01', '1s', 717),
('SUSP FLUCLOXACILLIN - EXAFLOX', '', '16.00', '10.72', '10.72', 1, 100, 1, 1, 'SKU718', '2024-01-01', '2024-02-01', '100ML', 718),
('10CC SYRINGE & NEEDLE', '', '1.00', '0.34', '0.34', 5, 3674, 0, 0, '', '', '2022-07-06', '', 721),
('Trial', 'Trial', '90.00', '80.00', '80.00', 4, 5, 0, 2, '', '2022-05-10', '', '', 723),
('Metronidazole', '', '50.00', '88.00', '15.00', 1, 99, 0, 0, '', '', '', '', 724),
('Meat ', '2345678', '77.00', '66.00', '69.00', 1, 59, 0, 5, '', '', '', '', 728);

-- --------------------------------------------------------

--
-- Table structure for table `service_cart`
--

CREATE TABLE `service_cart` (
  `id` int(11) NOT NULL,
  `user_id` int(11) NOT NULL,
  `service_id` int(11) NOT NULL,
  `patient_id` varchar(50) NOT NULL
) ENGINE=InnoDB DEFAULT CHARSET=latin1;

--
-- Dumping data for table `service_cart`
--

INSERT INTO `service_cart` (`id`, `user_id`, `service_id`, `patient_id`) VALUES
(69, 1, 3, '20220003'),
(70, 1, 5, '20220003');

-- --------------------------------------------------------

--
-- Table structure for table `service_list`
--

CREATE TABLE `service_list` (
  `id` int(30) NOT NULL,
  `name` text NOT NULL,
  `description` text NOT NULL,
  `price` float(15,2) NOT NULL DEFAULT 0.00,
  `status` tinyint(1) NOT NULL DEFAULT 1,
  `delete_flag` tinyint(1) NOT NULL DEFAULT 0,
  `date_created` datetime NOT NULL DEFAULT current_timestamp(),
  `date_updated` datetime NOT NULL DEFAULT current_timestamp() ON UPDATE current_timestamp()
) ENGINE=InnoDB DEFAULT CHARSET=utf8mb4;

--
-- Dumping data for table `service_list`
--

INSERT INTO `service_list` (`id`, `name`, `description`, `price`, `status`, `delete_flag`, `date_created`, `date_updated`) VALUES
(1, 'Diabetes Check-up', 'Diabetes Check-up', 100.00, 1, 0, '2022-05-04 09:17:45', '2022-06-16 12:09:33'),
(2, 'General Check-up', 'General Check-up', 250.00, 1, 0, '2022-05-04 09:18:06', '2022-06-16 04:31:42'),
(3, 'Kidney Stone', 'Kidney Stone', 50.00, 1, 0, '2022-05-04 09:19:01', '2022-06-16 12:11:00'),
(4, 'Cholesterol levels', 'Cholesterol levels', 100.00, 1, 0, '2022-05-04 09:19:36', '2022-06-16 12:10:24'),
(5, 'Blood Pressure Check-up', 'Blood Pressure Check-up', 80.00, 1, 0, '2022-05-04 09:20:33', '2022-06-16 12:14:58'),
(6, 'test', 'test', 1.00, 1, 1, '2022-05-04 09:20:49', '2022-05-04 09:20:57'),
(7, '', '', 0.00, 1, 1, '2022-06-14 15:43:16', '2022-06-14 15:44:06'),
(8, 'Infertility', 'Infertility', 60.00, 1, 0, '2022-06-16 12:11:32', '2022-06-16 12:11:32'),
(9, 'Body Mass Index', 'Body Mass Index', 20.00, 1, 0, '2022-06-16 12:12:03', '2022-06-16 12:12:03'),
(10, 'Health Counseling', 'Health Counseling', 100.00, 1, 0, '2022-06-16 12:12:48', '2022-06-16 12:12:48'),
(11, 'Cancer Awareness', 'Cancer Awareness', 70.00, 1, 0, '2022-06-16 12:13:27', '2022-06-16 12:13:27'),
(12, 'Stroke', 'Stroke', 55.00, 1, 0, '2022-06-16 12:13:51', '2022-06-16 12:13:51'),
(13, 'Hepatitis ', 'Hepatitis ', 10.00, 1, 0, '2022-06-16 12:14:28', '2022-06-16 12:14:28'),
(14, 'IT ', 'hhh78', 10.00, 1, 0, '2022-08-15 03:11:13', '2022-08-15 03:11:43');

-- --------------------------------------------------------

--
-- Table structure for table `service_transaction_list`
--

CREATE TABLE `service_transaction_list` (
  `id` int(30) NOT NULL,
  `user_id` int(30) NOT NULL,
  `code` varchar(100) NOT NULL,
  `client_name` text NOT NULL,
  `amount` float(15,2) NOT NULL DEFAULT 0.00,
  `date_created` datetime NOT NULL DEFAULT current_timestamp(),
  `date_updated` datetime NOT NULL DEFAULT current_timestamp() ON UPDATE current_timestamp(),
  `discount` decimal(10,2) NOT NULL,
  `cash_tendered` decimal(10,2) NOT NULL,
  `amount_due` decimal(10,2) NOT NULL,
  `balance` decimal(10,2) NOT NULL,
  `total` decimal(10,2) NOT NULL
) ENGINE=InnoDB DEFAULT CHARSET=utf8mb4;

--
-- Dumping data for table `service_transaction_list`
--

INSERT INTO `service_transaction_list` (`id`, `user_id`, `code`, `client_name`, `amount`, `date_created`, `date_updated`, `discount`, `cash_tendered`, `amount_due`, `balance`, `total`) VALUES
(1, 1, '2205130001', '###', 1301.00, '2022-05-13 18:09:25', '2022-05-13 18:32:54', '0.00', '1301.00', '0.00', '0.00', '1301.00'),
(2, 1, '2205130002', '###', 700.00, '2022-05-13 18:48:47', '2022-05-13 18:48:47', '0.00', '700.00', '0.00', '0.00', '700.00'),
(3, 1, '2205130003', '###', 1301.00, '2022-05-13 18:50:14', '2022-05-13 18:50:14', '0.00', '1301.00', '0.00', '0.00', '1301.00'),
(4, 1, '2205140001', '###', 1100.00, '2022-05-14 10:05:13', '2022-05-14 10:05:13', '0.00', '1100.00', '0.00', '0.00', '1100.00'),
(5, 1, '2205140002', '###', 700.00, '2022-05-14 11:10:33', '2022-05-14 11:10:33', '0.00', '700.00', '0.00', '0.00', '700.00'),
(6, 1, '2205140003', '###', 2650.00, '2022-05-14 20:24:44', '2022-05-14 20:24:44', '0.00', '2650.00', '0.00', '0.00', '2650.00'),
(7, 1, '2205150001', '###', 1.00, '2022-05-15 03:16:55', '2022-05-15 03:16:55', '0.00', '1.00', '0.00', '0.00', '1.00'),
(8, 1, '2205150002', '###', 700.00, '2022-05-15 15:20:34', '2022-05-15 15:20:34', '0.00', '700.00', '0.00', '0.00', '700.00'),
(9, 1, '2205150003', '', 0.00, '2022-05-15 23:18:56', '2022-05-15 23:18:56', '0.00', '0.00', '0.00', '0.00', '0.00'),
(10, 1, '2205150004', '###', 850.00, '2022-05-15 23:19:20', '2022-05-15 23:19:20', '0.00', '850.00', '0.00', '0.00', '850.00');

-- --------------------------------------------------------

--
-- Table structure for table `stockin`
--

CREATE TABLE `stockin` (
  `prod_id` int(11) NOT NULL,
  `qty` int(6) NOT NULL,
  `date_created` timestamp NOT NULL DEFAULT current_timestamp() ON UPDATE current_timestamp(),
  `supplier_id` int(11) NOT NULL,
  `prod_exdate` varchar(50) NOT NULL,
  `id` int(11) NOT NULL,
  `stockin_id` varchar(50) NOT NULL,
  `cost_price` decimal(10,2) NOT NULL
) ENGINE=InnoDB DEFAULT CHARSET=latin1;

--
-- Dumping data for table `stockin`
--

INSERT INTO `stockin` (`prod_id`, `qty`, `date_created`, `supplier_id`, `prod_exdate`, `id`, `stockin_id`, `cost_price`) VALUES
(1, 44, '2022-08-06 22:02:01', 1, '2022-08-16', 34, '2208001', '15.00'),
(9, 666, '2022-08-06 22:02:01', 16, '2022-08-16', 35, '2208001', '15.00'),
(5, 5, '2022-08-06 22:02:01', 16, '2022-08-16', 36, '2208001', '69.00'),
(0, 0, '2022-08-08 14:08:34', 0, '', 37, '2208002', '0.00'),
(5, 1, '2022-08-08 14:08:34', 14, '2024-02-01', 38, '2208002', '69.00'),
(3, 12, '2022-08-08 14:08:34', 13, '2024-02-01', 39, '2208002', '28.00'),
(2, 3, '2022-08-10 11:36:47', 14, '2022-08-18', 40, '2208003', '38.00'),
(3, 3, '2022-08-10 11:36:47', 14, '2022-08-18', 41, '2208003', '28.00'),
(3, 88, '2022-08-10 11:36:47', 13, '2023-01-27', 42, '2208003', '28.00'),
(3, 5, '2022-08-10 16:05:42', 1, '', 43, '2208005', '28.00'),
(4, 200, '2022-08-11 06:32:38', 15, '', 44, '2208006', '44.00'),
(5, 9, '2022-08-11 06:32:38', 1, '', 45, '2208006', '69.00'),
(387, 8, '2022-08-11 06:38:53', 1, '', 46, '2208009', '28.00'),
(314, 10, '2022-08-11 06:38:53', 1, '', 47, '2208009', '6.00'),
(545, 10, '2022-08-11 06:38:53', 1, '', 48, '2208009', '13.00'),
(4, 77, '2022-08-13 09:42:00', 13, '', 55, '2208013', '47.00'),
(5, 3, '2022-08-13 09:42:00', 1, '', 56, '2208013', '69.00'),
(4, 20, '2022-08-13 09:46:47', 1, '', 57, '2208014', '47.00'),
(5, 10, '2022-08-13 09:46:47', 1, '', 58, '2208014', '68.50'),
(2, 99, '2022-08-20 17:05:38', 1, '', 59, '2208016', '38.00'),
(4, 99, '2022-08-20 17:05:38', 0, '', 60, '2208016', '47.00'),
(1, 3, '2022-08-20 17:05:38', 0, '', 61, '2208016', '15.00'),
(3, 99, '2022-08-20 17:08:10', 0, '2022-08-26', 62, '2208015', '27.59'),
(4, 88, '2022-08-20 17:08:10', 0, '2022-08-31', 63, '2208015', '47.00'),
(394, 10, '2022-08-20 17:53:32', 0, '', 64, '2208017', '4.00'),
(269, 10, '2022-08-20 17:53:32', 0, '', 65, '2208017', '15.33'),
(174, 5, '2022-08-20 17:53:32', 0, '', 66, '2208017', '15.63'),
(3, 3, '2022-08-20 20:51:05', 0, '', 67, '2208018', '27.59'),
(2, 10, '2022-08-20 20:51:05', 0, '', 68, '2208018', '38.00');

-- --------------------------------------------------------

--
-- Table structure for table `stockin_cart`
--

CREATE TABLE `stockin_cart` (
  `stockin_id` int(11) NOT NULL,
  `prod_id` int(11) NOT NULL,
  `qty` int(6) NOT NULL,
  `date_created` timestamp NOT NULL DEFAULT current_timestamp() ON UPDATE current_timestamp(),
  `supplier_id` int(11) NOT NULL,
  `prod_exdate` varchar(50) NOT NULL,
  `user_id` int(11) NOT NULL,
  `cost_price` decimal(10,2) NOT NULL
) ENGINE=InnoDB DEFAULT CHARSET=latin1;

-- --------------------------------------------------------

--
-- Table structure for table `stock_list`
--

CREATE TABLE `stock_list` (
  `sid` varchar(20) NOT NULL,
  `date_created` datetime NOT NULL DEFAULT current_timestamp(),
  `amount` decimal(10,2) NOT NULL,
  `user_id` int(10) NOT NULL,
  `id` int(11) NOT NULL,
  `supplier_id` int(11) NOT NULL,
  `invoice` varchar(50) NOT NULL
) ENGINE=InnoDB DEFAULT CHARSET=utf8mb4;

--
-- Dumping data for table `stock_list`
--

INSERT INTO `stock_list` (`sid`, `date_created`, `amount`, `user_id`, `id`, `supplier_id`, `invoice`) VALUES
('2208001', '2022-08-06 22:02:01', '10992.50', 1, 26, 13, ''),
('2208002', '2022-08-08 14:08:33', '399.58', 1, 27, 13, ''),
('2208003', '2022-08-10 11:36:47', '2624.69', 1, 28, 13, ''),
('2208004', '2022-08-10 11:36:55', '0.00', 1, 29, 13, ''),
('2208005', '2022-08-10 16:05:42', '137.95', 1, 30, 13, ''),
('2208006', '2022-08-11 06:32:38', '9416.50', 1, 31, 13, ''),
('2208007', '2022-08-11 06:33:02', '9416.50', 1, 32, 13, ''),
('2208008', '2022-08-11 06:34:42', '9416.50', 1, 33, 13, ''),
('2208009', '2022-08-11 06:38:53', '421.40', 1, 34, 13, ''),
('2208010', '2022-08-13 09:32:57', '3650.00', 1, 38, 13, ''),
('2208011', '2022-08-13 09:33:20', '3650.00', 1, 39, 13, ''),
('2208012', '2022-08-13 09:38:24', '3650.00', 1, 40, 13, ''),
('2208013', '2022-08-13 09:42:00', '3824.50', 1, 41, 13, ''),
('2208014', '2022-08-13 09:46:47', '1625.00', 1, 42, 13, ''),
('2208016', '2022-08-20 17:05:38', '8460.00', 1, 44, 1, 'uueu'),
('2208015', '2022-08-20 17:08:10', '6867.41', 1, 45, 13, '44332322'),
('2208017', '2022-08-20 17:53:32', '271.45', 1, 46, 14, '90897997'),
('2208018', '2022-08-20 20:51:05', '462.77', 1, 47, 13, '44332322');

-- --------------------------------------------------------

--
-- Table structure for table `supplier`
--

CREATE TABLE `supplier` (
  `supplier_id` int(11) NOT NULL,
  `supplier_name` varchar(100) NOT NULL,
  `supplier_address` varchar(300) NOT NULL,
  `supplier_contact` varchar(50) NOT NULL
) ENGINE=InnoDB DEFAULT CHARSET=latin1;

--
-- Dumping data for table `supplier`
--

INSERT INTO `supplier` (`supplier_id`, `supplier_name`, `supplier_address`, `supplier_contact`) VALUES
(1, 'No ', '', ''),
(13, 'UNICHEM GH LTD', 'Box Tamale - VITTING', '0244585591'),
(14, 'ERNEST CHEMIST LTD', 'BOX 1538 TAMALE', '0505824232'),
(16, 'E B PHARMACY', 'OPP DHL OFFICE', '0243063256'),
(17, 'GOPENS PHARMACY ', 'KUMASI', '0266764625'),
(18, 'GINAPHARMA LTD', '								KANVILLE							', '024444444444'),
(19, 'PHARMANOVA GHANA LTD', 'TAMALE', '0245'),
(20, 'MEK PHARMACY LTD', 'LAMASHEGU-UDS ROAD', '0372028753'),
(22, 'DOKULOKU PHARMACY', '								Bank of Africa Building, TAMALE							', '0241081237'),
(23, 'TOBINCO PHARMAUEUTICALS', '								TAMALE							', '024444444444'),
(24, 'RICKY PHARMACY', 'OPP ACCESS BANK', '0208161286 / 0372023426'),
(25, 'INTRAVENOUS INFUSION', 'TTH Road', '0558208684'),
(26, 'PHILIPS PHAMACEUTICALS LTD', 'BOX ST 380, ACCRA', '0558754576'),
(27, 'ASGA ENTERPRISE', '																WATER WORKS ROAD														', '0506677155'),
(28, 'MEGALIFE SCIENCES', '8 DZORWULU', '0201515060 /0202290084'),
(29, 'LANSAH CHEMIST', 'NEW TAFO , KUMASI', '0322029013'),
(30, 'DECENT PHARMACY', '																ADJ CENTRAL MOSQUE TML														', '0558002546'),
(31, 'BASELINE PHARMACY', '								CBG BUILDING							', '0509997797'),
(34, 'Yahaya Osman', '																																											B90    55555555555																																													', '0206666666');

-- --------------------------------------------------------

--
-- Table structure for table `system_info`
--

CREATE TABLE `system_info` (
  `id` int(30) NOT NULL,
  `meta_field` text NOT NULL,
  `meta_value` text NOT NULL
) ENGINE=InnoDB DEFAULT CHARSET=utf8mb4;

--
-- Dumping data for table `system_info`
--

INSERT INTO `system_info` (`id`, `meta_field`, `meta_value`) VALUES
(1, 'name', 'Nasara Pharmacy'),
(6, 'short_name', 'OY Tech. Pharm'),
(11, 'logo', 'uploads/logo-1660083108.png'),
(13, 'user_avatar', 'uploads/user_avatar.jpg'),
(14, 'cover', 'uploads/cover-1660077546.png'),
(15, 'address', 'Post Office Box 52, Nyankpala.'),
(16, 'contact', '+233509997797');

-- --------------------------------------------------------

--
-- Table structure for table `task`
--

CREATE TABLE `task` (
  `task_id` int(11) NOT NULL,
  `task` varchar(150) NOT NULL,
  `status` varchar(150) NOT NULL,
  `user_id` int(11) NOT NULL
) ENGINE=InnoDB DEFAULT CHARSET=latin1;

--
-- Dumping data for table `task`
--

INSERT INTO `task` (`task_id`, `task`, `status`, `user_id`) VALUES
(42, 'I will fixing a bug on my Syatem', 'Done', 1);

-- --------------------------------------------------------

--
-- Table structure for table `transaction_list`
--

CREATE TABLE `transaction_list` (
  `id` int(30) NOT NULL,
  `user_id` int(30) NOT NULL,
  `code` varchar(100) NOT NULL,
  `client_id` varchar(30) NOT NULL,
  `amount` float(15,2) NOT NULL DEFAULT 0.00,
  `date_created` datetime NOT NULL DEFAULT current_timestamp(),
  `date_updated` datetime NOT NULL DEFAULT current_timestamp() ON UPDATE current_timestamp(),
  `discount` decimal(10,2) NOT NULL,
  `cash_tendered` decimal(10,2) NOT NULL,
  `amount_due` decimal(10,2) NOT NULL,
  `balance` decimal(10,2) NOT NULL,
  `total` decimal(10,2) NOT NULL,
  `status` int(1) NOT NULL DEFAULT 1,
  `type` tinyint(4) NOT NULL
) ENGINE=InnoDB DEFAULT CHARSET=utf8mb4;

--
-- Dumping data for table `transaction_list`
--

INSERT INTO `transaction_list` (`id`, `user_id`, `code`, `client_id`, `amount`, `date_created`, `date_updated`, `discount`, `cash_tendered`, `amount_due`, `balance`, `total`, `status`, `type`) VALUES
(1, 1, '2208060001', 'Ibrahim Osman', 899.40, '2022-08-06 22:21:30', '2022-08-06 22:21:30', '0.00', '900.00', '0.00', '0.60', '899.40', 1, 0),
(2, 1, '2208070001', '', 460.00, '2022-08-07 22:12:13', '2022-08-07 22:12:13', '0.00', '460.00', '0.00', '0.00', '460.00', 1, 0),
(3, 8, '2208080001', 'Nana', 478.00, '2022-08-08 13:06:01', '2022-08-08 13:06:01', '0.00', '478.00', '0.00', '0.00', '478.00', 1, 0),
(4, 1, '2208080002', '', 124.00, '2022-08-08 13:57:40', '2022-08-08 13:57:40', '0.00', '125.00', '0.00', '1.00', '124.00', 1, 0),
(5, 1, '2208090001', '', 350.00, '2022-08-09 20:45:50', '2022-08-09 20:45:50', '0.00', '350.00', '0.00', '0.00', '350.00', 1, 0),
(7, 1, '2208090003', '', 498.00, '2022-08-09 22:25:20', '2022-08-09 22:25:20', '0.00', '498.00', '0.00', '0.00', '498.00', 1, 0),
(9, 1, '2208100001', '', 196.00, '2022-08-10 01:10:47', '2022-08-10 01:10:47', '0.00', '196.00', '0.00', '0.00', '196.00', 1, 0),
(10, 1, '2208100002', '', 182.00, '2022-08-10 14:20:18', '2022-08-10 14:20:18', '0.00', '182.00', '0.00', '0.00', '182.00', 1, 0),
(11, 1, '2208100003', '', 307.50, '2022-08-10 14:36:13', '2022-09-08 20:56:37', '0.00', '304.00', '0.00', '-3.50', '307.50', 1, 1),
(12, 1, '2208100004', '', 282.00, '2022-08-10 16:05:09', '2022-09-08 20:48:13', '0.00', '282.00', '0.00', '0.00', '282.00', 1, 1),
(13, 1, '2208100005', '', 432.00, '2022-08-10 22:34:51', '2022-09-08 08:56:30', '0.00', '432.00', '0.00', '0.00', '432.00', 1, 1),
(14, 1, '2208110001', '', 768.00, '2022-08-11 13:07:00', '2022-09-08 08:46:29', '0.00', '769.00', '0.00', '1.00', '768.00', 1, 1),
(15, 8, '2208110002', '', 293.00, '2022-08-11 13:09:48', '2022-08-11 13:09:48', '0.00', '293.00', '0.00', '0.00', '293.00', 1, 0),
(19, 1, '2208110003', '', 505.00, '2022-08-11 21:20:15', '2022-08-11 21:20:15', '0.00', '505.00', '0.00', '0.00', '505.00', 1, 1),
(20, 1, '2208110004', '', 158.00, '2022-08-11 22:06:01', '2022-08-11 22:06:01', '0.00', '158.00', '0.00', '0.00', '158.00', 1, 1),
(23, 1, '2208150001', '', 358.00, '2022-08-15 03:10:09', '2022-09-08 20:51:00', '0.00', '358.00', '0.00', '0.00', '358.00', 1, 1),
(24, 1, '2208190001', 'Name', 44.00, '2022-08-19 15:48:27', '2022-08-19 15:48:27', '0.00', '45.00', '0.00', '1.00', '44.00', 1, 1),
(25, 1, '2208190002', '', 508.00, '2022-08-19 16:54:53', '2022-08-19 16:54:53', '0.00', '510.00', '0.00', '2.00', '508.00', 1, 1),
(26, 1, '2209080001', '', 0.00, '2022-09-08 06:49:27', '2022-09-08 06:49:27', '0.00', '0.00', '0.00', '0.00', '0.00', 1, 0),
(27, 1, '2209080002', '', 166.00, '2022-09-08 08:48:12', '2022-09-08 08:49:10', '0.00', '166.00', '0.00', '0.00', '166.00', 1, 1),
(28, 1, '2209080003', '', 164.00, '2022-09-08 20:57:35', '2022-09-08 20:58:04', '0.00', '164.00', '0.00', '0.00', '164.00', 1, 1),
(29, 1, '2209080004', '', 25.00, '2022-09-08 21:08:11', '2022-09-08 21:10:34', '0.00', '25.00', '0.00', '0.00', '13.00', 1, 1),
(30, 8, '2209100001', '', 98.00, '2022-09-10 15:32:59', '2022-09-10 15:32:59', '0.00', '98.00', '0.00', '0.00', '98.00', 1, 1),
(31, 8, '2209100002', '', 132.00, '2022-09-10 15:33:39', '2022-09-10 15:33:39', '0.00', '132.00', '0.00', '0.00', '132.00', 1, 1);

-- --------------------------------------------------------

--
-- Table structure for table `transaction_products`
--

CREATE TABLE `transaction_products` (
  `id` int(11) NOT NULL,
  `transaction_id` int(30) NOT NULL,
  `product_id` int(30) NOT NULL,
  `qty` int(11) NOT NULL DEFAULT 0,
  `price` float(15,2) NOT NULL DEFAULT 0.00
) ENGINE=InnoDB DEFAULT CHARSET=utf8mb4;

--
-- Dumping data for table `transaction_products`
--

INSERT INTO `transaction_products` (`id`, `transaction_id`, `product_id`, `qty`, `price`) VALUES
(1, 1, 2, 2, 60.00),
(2, 1, 5, 2, 94.00),
(3, 1, 6, 2, 34.00),
(4, 1, 4, 2, 64.00),
(5, 1, 15, 2, 1.20),
(6, 1, 22, 3, 19.00),
(7, 1, 30, 3, 98.00),
(8, 1, 41, 3, 14.00),
(9, 2, 3, 2, 38.00),
(10, 2, 5, 3, 94.00),
(11, 2, 6, 3, 34.00),
(15, 4, 2, 1, 60.00),
(16, 4, 4, 1, 64.00),
(17, 5, 4, 2, 64.00),
(18, 5, 6, 1, 34.00),
(19, 5, 5, 2, 94.00),
(20, 6, 315, 5, 17.00),
(21, 6, 509, 3, 7.00),
(22, 6, 617, 3, 28.00),
(24, 7, 5, 3, 94.00),
(25, 7, 6, 3, 34.00),
(26, 8, 3, 1, 38.00),
(28, 8, 6, 1, 34.00),
(29, 9, 4, 2, 64.00),
(30, 9, 6, 2, 34.00),
(31, 10, 4, 2, 64.00),
(32, 10, 10, 3, 9.00),
(33, 10, 14, 3, 9.00),
(38, 12, 5, 1, 94.00),
(39, 12, 3, 1, 38.00),
(40, 12, 10, 1, 9.00),
(41, 13, 5, 2, 94.00),
(42, 13, 3, 5, 38.00),
(43, 13, 1, 3, 18.00),
(44, 14, 5, 1, 94.00),
(45, 14, 6, 2, 34.00),
(46, 15, 5, 3, 94.00),
(47, 15, 88, 1, 11.00),
(48, 16, 4, 1, 64.00),
(49, 16, 6, 1, 34.00),
(50, 17, 4, 1, 64.00),
(51, 17, 6, 1, 34.00),
(52, 18, 4, 1, 64.00),
(53, 18, 6, 1, 34.00),
(54, 19, 3, 3, 38.00),
(55, 19, 5, 2, 94.00),
(56, 19, 2, 2, 60.00),
(57, 19, 6, 1, 34.00),
(58, 19, 162, 1, 49.00),
(59, 20, 4, 1, 64.00),
(60, 20, 5, 1, 94.00),
(61, 21, 2, 3, 60.00),
(62, 21, 5, 2, 94.00),
(63, 21, 6, 3, 34.00),
(64, 22, 376, 3, 6.00),
(65, 22, 527, 2, 10.00),
(66, 23, 4, 2, 64.00),
(67, 23, 6, 2, 34.00),
(68, 24, 105, 1, 2.00),
(69, 24, 107, 1, 30.00),
(70, 24, 110, 3, 4.00),
(71, 25, 2, 1, 60.00),
(72, 25, 4, 7, 64.00),
(73, 26, 5, 1, 94.00),
(74, 26, 6, 2, 34.00),
(75, 0, 5, 1, 94.00),
(76, 0, 6, 2, 34.00),
(77, 0, 5, 1, 94.00),
(78, 0, 6, 2, 34.00),
(79, 0, 5, 3, 94.00),
(80, 0, 6, 3, 34.00),
(81, 14, 5, 3, 94.00),
(82, 14, 6, 2, 34.00),
(83, 14, 5, 2, 94.00),
(84, 14, 6, 3, 34.00),
(85, 14, 5, 4, 94.00),
(86, 14, 6, 3, 34.00),
(87, 27, 3, 1, 38.00),
(88, 27, 4, 1, 64.00),
(89, 27, 3, 1, 38.00),
(90, 27, 4, 2, 64.00),
(91, 13, 5, 2, 94.00),
(92, 13, 3, 5, 38.00),
(93, 13, 1, 3, 18.00),
(94, 12, 5, 2, 94.00),
(95, 12, 3, 2, 38.00),
(96, 12, 10, 2, 9.00),
(97, 23, 4, 4, 64.00),
(98, 23, 6, 3, 34.00),
(99, 11, 4, 3, 64.00),
(100, 11, 6, 3, 34.00),
(101, 11, 13, 3, 1.50),
(102, 11, 16, 3, 3.00),
(106, 28, 4, 2, 64.00),
(107, 28, 1, 2, 18.00),
(111, 29, 353, 2, 4.00),
(112, 29, 721, 5, 1.00),
(113, 30, 4, 1, 64.00),
(114, 30, 6, 1, 34.00),
(115, 31, 3, 1, 38.00),
(116, 31, 5, 1, 94.00);

-- --------------------------------------------------------

--
-- Table structure for table `transaction_services`
--

CREATE TABLE `transaction_services` (
  `id` int(11) NOT NULL,
  `transaction_id` int(30) NOT NULL,
  `service_id` int(30) NOT NULL,
  `price` float(15,2) NOT NULL DEFAULT 0.00
) ENGINE=InnoDB DEFAULT CHARSET=utf8mb4;

--
-- Dumping data for table `transaction_services`
--

INSERT INTO `transaction_services` (`id`, `transaction_id`, `service_id`, `price`) VALUES
(21, 117, 2, 0.00),
(22, 117, 4, 0.00),
(23, 117, 5, 0.00),
(24, 118, 4, 0.00),
(25, 118, 5, 0.00),
(26, 119, 4, 0.00),
(27, 119, 5, 0.00),
(28, 119, 3, 0.00),
(29, 120, 4, 0.00),
(30, 120, 6, 0.00),
(31, 122, 3, 0.00),
(32, 122, 2, 0.00),
(33, 123, 5, 0.00),
(34, 124, 4, 0.00),
(35, 125, 2, 0.00),
(36, 126, 4, 0.00),
(37, 126, 5, 0.00),
(38, 126, 3, 0.00),
(39, 127, 4, 0.00),
(40, 127, 5, 0.00),
(41, 128, 3, 0.00),
(42, 128, 4, 0.00),
(43, 128, 1, 0.00),
(44, 130, 2, 0.00),
(45, 130, 1, 0.00),
(46, 130, 4, 0.00),
(47, 131, 3, 0.00),
(48, 131, 5, 0.00),
(49, 131, 6, 0.00),
(50, 132, 3, 0.00),
(51, 132, 5, 0.00),
(52, 132, 6, 0.00),
(53, 134, 2, 0.00),
(54, 134, 5, 0.00),
(55, 135, 4, 0.00),
(56, 136, 1, 0.00),
(57, 136, 3, 0.00),
(58, 137, 4, 0.00),
(59, 137, 5, 0.00);

-- --------------------------------------------------------

--
-- Table structure for table `users`
--

CREATE TABLE `users` (
  `id` int(50) NOT NULL,
  `firstname` varchar(250) NOT NULL,
  `lastname` varchar(250) NOT NULL,
  `username` text NOT NULL,
  `password` text NOT NULL,
  `avatar` text DEFAULT NULL,
  `last_login` datetime DEFAULT NULL,
  `type` tinyint(1) NOT NULL DEFAULT 0,
  `date_created` datetime NOT NULL DEFAULT current_timestamp(),
  `date_updated` datetime DEFAULT current_timestamp() ON UPDATE current_timestamp()
) ENGINE=InnoDB DEFAULT CHARSET=utf8mb4;

--
-- Dumping data for table `users`
--

INSERT INTO `users` (`id`, `firstname`, `lastname`, `username`, `password`, `avatar`, `last_login`, `type`, `date_created`, `date_updated`) VALUES
(1, 'Yahaya', 'Osman', 'admin', '5136b96817648b5b81008f6a984284a7', 'uploads/avatars/1.png?v=1652954167', NULL, 1, '2021-01-20 14:02:37', '2022-08-09 22:36:06'),
(8, 'Yahaya', 'Wunam', 'user', '2a33a3553c5eb270ef8539bad6cb85d9', NULL, NULL, 2, '2022-08-08 13:00:23', '2022-08-09 22:35:18');

--
-- Indexes for dumped tables
--

--
-- Indexes for table `cart`
--
ALTER TABLE `cart`
  ADD PRIMARY KEY (`id`);

--
-- Indexes for table `category`
--
ALTER TABLE `category`
  ADD PRIMARY KEY (`cat_id`);

--
-- Indexes for table `expense`
--
ALTER TABLE `expense`
  ADD PRIMARY KEY (`expense_id`);

--
-- Indexes for table `logs`
--
ALTER TABLE `logs`
  ADD PRIMARY KEY (`id`),
  ADD KEY `user_id` (`user_id`);

--
-- Indexes for table `product`
--
ALTER TABLE `product`
  ADD PRIMARY KEY (`prod_id`);

--
-- Indexes for table `service_cart`
--
ALTER TABLE `service_cart`
  ADD PRIMARY KEY (`id`);

--
-- Indexes for table `service_list`
--
ALTER TABLE `service_list`
  ADD PRIMARY KEY (`id`);

--
-- Indexes for table `service_transaction_list`
--
ALTER TABLE `service_transaction_list`
  ADD PRIMARY KEY (`id`);

--
-- Indexes for table `stockin`
--
ALTER TABLE `stockin`
  ADD PRIMARY KEY (`id`);

--
-- Indexes for table `stockin_cart`
--
ALTER TABLE `stockin_cart`
  ADD PRIMARY KEY (`stockin_id`);

--
-- Indexes for table `stock_list`
--
ALTER TABLE `stock_list`
  ADD PRIMARY KEY (`id`);

--
-- Indexes for table `supplier`
--
ALTER TABLE `supplier`
  ADD PRIMARY KEY (`supplier_id`);

--
-- Indexes for table `system_info`
--
ALTER TABLE `system_info`
  ADD PRIMARY KEY (`id`);

--
-- Indexes for table `task`
--
ALTER TABLE `task`
  ADD PRIMARY KEY (`task_id`);

--
-- Indexes for table `transaction_list`
--
ALTER TABLE `transaction_list`
  ADD PRIMARY KEY (`id`),
  ADD KEY `user_id` (`user_id`);

--
-- Indexes for table `transaction_products`
--
ALTER TABLE `transaction_products`
  ADD PRIMARY KEY (`id`),
  ADD KEY `transaction_id` (`transaction_id`),
  ADD KEY `service_id` (`product_id`);

--
-- Indexes for table `transaction_services`
--
ALTER TABLE `transaction_services`
  ADD PRIMARY KEY (`id`),
  ADD KEY `transaction_id` (`transaction_id`),
  ADD KEY `service_id` (`service_id`);

--
-- Indexes for table `users`
--
ALTER TABLE `users`
  ADD PRIMARY KEY (`id`);

--
-- AUTO_INCREMENT for dumped tables
--

--
-- AUTO_INCREMENT for table `cart`
--
ALTER TABLE `cart`
  MODIFY `id` int(11) NOT NULL AUTO_INCREMENT, AUTO_INCREMENT=419;

--
-- AUTO_INCREMENT for table `category`
--
ALTER TABLE `category`
  MODIFY `cat_id` int(11) NOT NULL AUTO_INCREMENT, AUTO_INCREMENT=17;

--
-- AUTO_INCREMENT for table `expense`
--
ALTER TABLE `expense`
  MODIFY `expense_id` int(11) NOT NULL AUTO_INCREMENT, AUTO_INCREMENT=7;

--
-- AUTO_INCREMENT for table `logs`
--
ALTER TABLE `logs`
  MODIFY `id` int(30) NOT NULL AUTO_INCREMENT, AUTO_INCREMENT=156;

--
-- AUTO_INCREMENT for table `product`
--
ALTER TABLE `product`
  MODIFY `prod_id` int(11) NOT NULL AUTO_INCREMENT, AUTO_INCREMENT=730;

--
-- AUTO_INCREMENT for table `service_cart`
--
ALTER TABLE `service_cart`
  MODIFY `id` int(11) NOT NULL AUTO_INCREMENT, AUTO_INCREMENT=71;

--
-- AUTO_INCREMENT for table `service_list`
--
ALTER TABLE `service_list`
  MODIFY `id` int(30) NOT NULL AUTO_INCREMENT, AUTO_INCREMENT=15;

--
-- AUTO_INCREMENT for table `service_transaction_list`
--
ALTER TABLE `service_transaction_list`
  MODIFY `id` int(30) NOT NULL AUTO_INCREMENT, AUTO_INCREMENT=11;

--
-- AUTO_INCREMENT for table `stockin`
--
ALTER TABLE `stockin`
  MODIFY `id` int(11) NOT NULL AUTO_INCREMENT, AUTO_INCREMENT=69;

--
-- AUTO_INCREMENT for table `stockin_cart`
--
ALTER TABLE `stockin_cart`
  MODIFY `stockin_id` int(11) NOT NULL AUTO_INCREMENT, AUTO_INCREMENT=130;

--
-- AUTO_INCREMENT for table `stock_list`
--
ALTER TABLE `stock_list`
  MODIFY `id` int(11) NOT NULL AUTO_INCREMENT, AUTO_INCREMENT=48;

--
-- AUTO_INCREMENT for table `supplier`
--
ALTER TABLE `supplier`
  MODIFY `supplier_id` int(11) NOT NULL AUTO_INCREMENT, AUTO_INCREMENT=35;

--
-- AUTO_INCREMENT for table `system_info`
--
ALTER TABLE `system_info`
  MODIFY `id` int(30) NOT NULL AUTO_INCREMENT, AUTO_INCREMENT=17;

--
-- AUTO_INCREMENT for table `task`
--
ALTER TABLE `task`
  MODIFY `task_id` int(11) NOT NULL AUTO_INCREMENT, AUTO_INCREMENT=44;

--
-- AUTO_INCREMENT for table `transaction_list`
--
ALTER TABLE `transaction_list`
  MODIFY `id` int(30) NOT NULL AUTO_INCREMENT, AUTO_INCREMENT=32;

--
-- AUTO_INCREMENT for table `transaction_products`
--
ALTER TABLE `transaction_products`
  MODIFY `id` int(11) NOT NULL AUTO_INCREMENT, AUTO_INCREMENT=117;

--
-- AUTO_INCREMENT for table `transaction_services`
--
ALTER TABLE `transaction_services`
  MODIFY `id` int(11) NOT NULL AUTO_INCREMENT, AUTO_INCREMENT=60;

--
-- AUTO_INCREMENT for table `users`
--
ALTER TABLE `users`
  MODIFY `id` int(50) NOT NULL AUTO_INCREMENT, AUTO_INCREMENT=9;

--
-- Constraints for dumped tables
--

--
-- Constraints for table `transaction_list`
--
ALTER TABLE `transaction_list`
  ADD CONSTRAINT `user_id_fk_tl` FOREIGN KEY (`user_id`) REFERENCES `users` (`id`) ON DELETE CASCADE ON UPDATE NO ACTION;

--
-- Constraints for table `transaction_services`
--
ALTER TABLE `transaction_services`
  ADD CONSTRAINT `service_id_fk_ts` FOREIGN KEY (`service_id`) REFERENCES `service_list` (`id`) ON DELETE CASCADE ON UPDATE NO ACTION;
COMMIT;

/*!40101 SET CHARACTER_SET_CLIENT=@OLD_CHARACTER_SET_CLIENT */;
/*!40101 SET CHARACTER_SET_RESULTS=@OLD_CHARACTER_SET_RESULTS */;
/*!40101 SET COLLATION_CONNECTION=@OLD_COLLATION_CONNECTION */;
