

CREATE TABLE `cart` (
  `id` int(11) NOT NULL AUTO_INCREMENT,
  `user_id` int(11) NOT NULL,
  `prod_id` int(11) NOT NULL,
  `quantity` int(11) NOT NULL,
  `price` decimal(10,2) NOT NULL,
  PRIMARY KEY (`id`)
) ENGINE=InnoDB AUTO_INCREMENT=294 DEFAULT CHARSET=latin1;




CREATE TABLE `category` (
  `cat_id` int(11) NOT NULL AUTO_INCREMENT,
  `cat_name` varchar(30) NOT NULL,
  PRIMARY KEY (`cat_id`)
) ENGINE=InnoDB AUTO_INCREMENT=38 DEFAULT CHARSET=latin1;

INSERT INTO category VALUES("25","Tablet ");
INSERT INTO category VALUES("26","Syrup");
INSERT INTO category VALUES("27","suppository");
INSERT INTO category VALUES("28","injection");
INSERT INTO category VALUES("29","infusion");
INSERT INTO category VALUES("30","capsules");
INSERT INTO category VALUES("31","powder");
INSERT INTO category VALUES("32","ointment");
INSERT INTO category VALUES("33","solution");
INSERT INTO category VALUES("34","suspension");
INSERT INTO category VALUES("35","inhaler");
INSERT INTO category VALUES("36","pessery");
INSERT INTO category VALUES("37","Cream");



CREATE TABLE `expense` (
  `expense_id` int(11) NOT NULL AUTO_INCREMENT,
  `type` varchar(50) NOT NULL,
  `details` varchar(100) NOT NULL,
  `user_id` int(11) NOT NULL,
  `amount` decimal(10,2) NOT NULL,
  `date_added` varchar(50) NOT NULL,
  PRIMARY KEY (`expense_id`)
) ENGINE=InnoDB AUTO_INCREMENT=7 DEFAULT CHARSET=utf8mb4;

INSERT INTO expense VALUES("4","Cost of Maintenance","Chair ","1","20.00","2022-08-07");



CREATE TABLE `inventory_list` (
  `id` int(30) NOT NULL AUTO_INCREMENT,
  `product_id` int(30) NOT NULL,
  `quantity` int(30) NOT NULL DEFAULT 0,
  `stock_date` date NOT NULL,
  `date_created` datetime NOT NULL DEFAULT current_timestamp(),
  `date_updated` datetime NOT NULL DEFAULT current_timestamp() ON UPDATE current_timestamp(),
  PRIMARY KEY (`id`),
  KEY `product_id` (`product_id`),
  CONSTRAINT `product_id_fk_il` FOREIGN KEY (`product_id`) REFERENCES `product_list` (`id`) ON DELETE CASCADE ON UPDATE NO ACTION
) ENGINE=InnoDB AUTO_INCREMENT=9 DEFAULT CHARSET=utf8mb4;

INSERT INTO inventory_list VALUES("1","7","5","2022-04-27","2022-05-04 10:33:01","2022-05-04 10:33:01");
INSERT INTO inventory_list VALUES("2","7","3","2022-04-30","2022-05-04 10:34:01","2022-05-04 10:34:01");
INSERT INTO inventory_list VALUES("3","6","10","2022-03-25","2022-05-04 10:34:21","2022-05-04 10:34:21");
INSERT INTO inventory_list VALUES("4","4","20","2022-03-25","2022-05-04 10:34:36","2022-05-04 10:34:36");
INSERT INTO inventory_list VALUES("5","5","25","2022-04-25","2022-05-04 10:34:49","2022-05-04 10:34:49");
INSERT INTO inventory_list VALUES("6","1","16","2022-02-15","2022-05-04 10:35:07","2022-05-04 10:35:07");
INSERT INTO inventory_list VALUES("7","2","100","2022-03-29","2022-05-04 10:35:32","2022-05-04 10:35:32");
INSERT INTO inventory_list VALUES("8","3","4","2022-01-15","2022-05-04 10:35:56","2022-05-04 10:35:56");



CREATE TABLE `logs` (
  `id` int(30) NOT NULL AUTO_INCREMENT,
  `user_id` int(30) NOT NULL,
  `action_made` text NOT NULL,
  `date_created` datetime NOT NULL DEFAULT current_timestamp(),
  PRIMARY KEY (`id`),
  KEY `user_id` (`user_id`)
) ENGINE=InnoDB AUTO_INCREMENT=101 DEFAULT CHARSET=utf8mb4;

INSERT INTO logs VALUES("23","1","Logged in the system.","2022-08-11 05:53:40");
INSERT INTO logs VALUES("24","1","Logged out.","2022-08-11 05:57:25");
INSERT INTO logs VALUES("25","1","Logged in the system.","2022-08-11 06:14:35");
INSERT INTO logs VALUES("26","1"," updated the details of [id=353] [name=100s SOLUBLE ASPIRIN 75MG per Blister] product .","2022-08-11 06:17:45");
INSERT INTO logs VALUES("27","1"," added stock of [id=] [total cost=9416.5] into the stock list.","2022-08-11 06:32:38");
INSERT INTO logs VALUES("28","1"," added stock of [id=] [total cost=9416.5] into the stock list.","2022-08-11 06:33:02");
INSERT INTO logs VALUES("29","1"," added stock of [id=2208008] [total cost=9416.5] into the stock list.","2022-08-11 06:34:43");
INSERT INTO logs VALUES("30","1"," added stock of [id=2208009] [total cost=421.4] into the stock list.","2022-08-11 06:38:53");
INSERT INTO logs VALUES("45","1","Delete a Transaction of [invoice=2208090002] [total amount=190.00] from the transaction list.","2022-08-11 11:47:37");
INSERT INTO logs VALUES("46","1"," Changed the price [id=4] PYLIN CAPS.","2022-08-11 12:54:05");
INSERT INTO logs VALUES("47","1"," Made sales  of [id=2208110001] [amount=162.00].","2022-08-11 13:07:01");
INSERT INTO logs VALUES("48","1","Logged out.","2022-08-11 13:08:14");
INSERT INTO logs VALUES("49","8","Logged in the system.","2022-08-11 13:08:27");
INSERT INTO logs VALUES("50","8"," Made sales  of [invoice=2208110002] [amount=293.00].","2022-08-11 13:09:48");
INSERT INTO logs VALUES("51","8","Logged out.","2022-08-11 13:15:46");
INSERT INTO logs VALUES("52","1","Logged in the system.","2022-08-11 13:15:57");
INSERT INTO logs VALUES("53","1","Logged in the system.","2022-08-11 19:38:29");
INSERT INTO logs VALUES("54","1","","2022-08-11 19:40:13");
INSERT INTO logs VALUES("55","1","","2022-08-11 19:40:51");
INSERT INTO logs VALUES("56","1","","2022-08-11 19:41:41");
INSERT INTO logs VALUES("57","1","","2022-08-11 19:43:46");
INSERT INTO logs VALUES("58","1","","2022-08-11 19:43:57");
INSERT INTO logs VALUES("59","1"," Made sales  of [invoice=2208110003] [amount=].","2022-08-11 19:43:59");
INSERT INTO logs VALUES("60","1","Logged in the system.","2022-08-11 20:00:44");
INSERT INTO logs VALUES("61","1","","2022-08-11 20:01:01");
INSERT INTO logs VALUES("62","1","","2022-08-11 20:01:16");
INSERT INTO logs VALUES("63","1"," Made sales  of [invoice=2208110004] [amount=].","2022-08-11 20:01:19");
INSERT INTO logs VALUES("64","1","","2022-08-11 20:04:02");
INSERT INTO logs VALUES("65","1","","2022-08-11 20:04:05");
INSERT INTO logs VALUES("66","1","","2022-08-11 20:04:52");
INSERT INTO logs VALUES("67","1"," Made sales  of [invoice=2208110005].","2022-08-11 20:04:56");
INSERT INTO logs VALUES("68","1","","2022-08-11 20:05:38");
INSERT INTO logs VALUES("69","1","","2022-08-11 20:06:54");
INSERT INTO logs VALUES("70","1","","2022-08-11 20:13:03");
INSERT INTO logs VALUES("71","1","","2022-08-11 20:13:13");
INSERT INTO logs VALUES("72","1","","2022-08-11 20:14:02");
INSERT INTO logs VALUES("73","1","","2022-08-11 20:14:17");
INSERT INTO logs VALUES("74","1","Logged out.","2022-08-11 20:20:03");
INSERT INTO logs VALUES("75","1","Logged in the system.","2022-08-11 20:20:13");
INSERT INTO logs VALUES("76","1","Logged out.","2022-08-11 20:40:07");
INSERT INTO logs VALUES("77","1","Logged in the system.","2022-08-11 20:56:20");
INSERT INTO logs VALUES("78","1","Deleted a Transaction of [invoice=2208110005] [total amount=0.00] from the transaction list.","2022-08-11 20:59:30");
INSERT INTO logs VALUES("79","1","Deleted a Transaction of [invoice=2208110003] [total amount=0.00] from the transaction list.","2022-08-11 20:59:50");
INSERT INTO logs VALUES("80","1","Deleted a Transaction of [invoice=2208110004] [total amount=0.00] from the transaction list.","2022-08-11 21:00:00");
INSERT INTO logs VALUES("81","1","Logged out.","2022-08-11 21:32:58");
INSERT INTO logs VALUES("82","1","Logged in the system.","2022-08-11 22:05:32");
INSERT INTO logs VALUES("83","1","Logged out.","2022-08-12 04:29:42");
INSERT INTO logs VALUES("84","1","Logged in the system.","2022-08-12 04:29:55");
INSERT INTO logs VALUES("90","21","Logged out.","2022-08-13 09:32:32");
INSERT INTO logs VALUES("91","1","Logged in the system.","2022-08-13 09:32:45");
INSERT INTO logs VALUES("92","1"," added stock of [id=2208010] [total cost=3650] into the stock list.","2022-08-13 09:32:57");
INSERT INTO logs VALUES("93","1"," added stock of [id=2208011] [total cost=3650] into the stock list.","2022-08-13 09:33:20");
INSERT INTO logs VALUES("94","1","Added stock of [id=2208012] [total cost=3650] into the stock list.","2022-08-13 09:38:24");
INSERT INTO logs VALUES("95","1","Added stock of [id=2208013] [total cost=3824.5] into the stock list.","2022-08-13 09:42:00");
INSERT INTO logs VALUES("96","1","Added stock of [id=2208014] [total cost=1625] into the stock list.","2022-08-13 09:46:47");
INSERT INTO logs VALUES("97","1","Logged out.","2022-08-13 11:02:36");
INSERT INTO logs VALUES("98","1","Logged in the system.","2022-08-13 11:03:31");
INSERT INTO logs VALUES("99","1","Deleted a Transaction of [invoice=2208150001] [total amount=38.00] from the transaction list.","2022-08-15 03:04:50");
INSERT INTO logs VALUES("100","1"," Made sales  of [invoice=2208150001] [amount=196.00].","2022-08-15 03:10:10");



CREATE TABLE `product` (
  `prod_name` varchar(100) NOT NULL,
  `prod_desc` varchar(500) NOT NULL,
  `prod_price` decimal(10,2) NOT NULL,
  `prod_wprice` decimal(10,2) NOT NULL,
  `prod_cprice` decimal(10,2) NOT NULL,
  `cat_id` int(11) NOT NULL,
  `prod_qty` int(11) NOT NULL,
  `branch_id` int(11) NOT NULL,
  `reorder` int(11) NOT NULL,
  `serial` varchar(11) NOT NULL,
  `exdate` varchar(50) NOT NULL,
  `exdate2` varchar(50) NOT NULL,
  `measure` varchar(10) NOT NULL,
  `prod_id` int(11) NOT NULL AUTO_INCREMENT,
  PRIMARY KEY (`prod_id`)
) ENGINE=InnoDB AUTO_INCREMENT=730 DEFAULT CHARSET=latin1;

INSERT INTO product VALUES("EVECARE  CAPS","","18.00","16.00","15.00","30","3364","1","2","SKU1001","2022-08-16","2022-07-16","100 CAPS","1");
INSERT INTO product VALUES("LIV 52 CAPS","HIMALAYA","60.00","32.88","38.00","30","25753","1","4","SKU1002","2022-08-18","2022-07-18","100 CAPS","2");
INSERT INTO product VALUES("PILEX CAPS  -HIMALAYA","","38.00","27.59","27.59","30","3230","1","1","SKU1003","2023-01-27","2022-12-27","100 CAPS","3");
INSERT INTO product VALUES("PYLIN CAPS","DR GOOD","64.00","47.00","47.00","30","2236","1","3","SKU1004","2022-10-13","2022-09-12","100 CAPS","4");
INSERT INTO product VALUES("TENOFOVIR CAPS","BHARAT/LAVINA","94.00","68.50","68.50","30","9343","1","0","SKU1005","2024-02-01","2024-01-01","30 CAPS","5");
INSERT INTO product VALUES("PILEX OINTMENT -  HIMALAYA","","34.00","22.26","22.26","30","15","1","1","SKU1006","2023-06-01","2024-02-01","30g","6");
INSERT INTO product VALUES("PHLEBODIA TABS","INNOTHERA","75.00","56.00","56.00","30","123","1","1","SKU1007","2022-08-26","2024-02-01","15 TABS","7");
INSERT INTO product VALUES("COLDRILIF CAPS - ENTRANCE","","5.00","3.60","3.60","30","94","1","3","SKU1008","2023-01-02","2024-02-01","10 TABS","8");
INSERT INTO product VALUES("FLUREST TABS","LUEX","20.00","15.00","15.00","30","761","1","7","SKU1009","2023-04-01","2024-02-01","10 TABS","9");
INSERT INTO product VALUES("CONGESTYL TABS","","9.00","6.50","6.50","30","92","1","10","SKU1010","2023-12-01","2024-02-01","10","10");
INSERT INTO product VALUES("COLD & CAT. TABS - STOPKOF ECL","","7.00","4.89","4.89","30","98","1","4","SKU1011","2023-01-01","2024-02-01","12 TABS","11");
INSERT INTO product VALUES("LEMSIP COLD & FLU. / sachet","","4.00","3.00","3.00","30","96","1","0","SKU1012","2023-05-01","2024-02-01","SACHET","12");
INSERT INTO product VALUES("STREPSILS LOZENGES / tab","","1.50","0.91","0.91","30","94","1","12","SKU1013","2024-12-01","2024-02-01","1TAB","13");
INSERT INTO product VALUES("FISHERMAN FRIEND","LEUX","9.00","5.75","5.75","30","100","1","3","SKU1014","2024-01-01","2024-02-01","24 TABS","14");
INSERT INTO product VALUES("DECATYLEN LOZENGES","ACINO","1.20","1.00","1.00","25","92","1","10","SKU1015","2022-05-01","2024-02-01","1","15");
INSERT INTO product VALUES("SAMALIN / MALIN TABS","ALL","3.00","2.10","2.10","30","88","1","5","SKU1016","2024-01-01","2024-02-01","PACK","16");
INSERT INTO product VALUES("KLARO CARBXYMETHYL EYE DROPS","","7.00","4.60","4.60","30","100","1","1","SKU1017","2023-03-01","2024-02-01","3 TABS","17");
INSERT INTO product VALUES("CIPROLEX TZ LUEX","","34.00","25.00","25.00","30","95","1","3","SKU1018","2023-11-01","2024-02-01","14 TABS","18");
INSERT INTO product VALUES("AZITHROMYCIN TAB ZYMAX 250","","8.00","5.98","5.98","30","95","1","7","SKU1019","2024-11-01","2024-02-01","6 TABS","19");
INSERT INTO product VALUES("AZITHROMYCIN TAB ZYMAX 500","","15.00","10.98","10.98","30","94","1","3","SKU1020","2024-08-01","2024-02-01","3 TABS","20");
INSERT INTO product VALUES("SULPHUR OINTMENT","","8.50","6.21","6.21","30","95","1","1","SKU1021","2024-05-01","2024-02-01","10 TABS","21");
INSERT INTO product VALUES("CEFUROXIME TABLET ENACEF 250","","19.00","13.98","13.98","30","95","1","7","SKU1022","2022-06-01","2024-02-01","10TABS","22");
INSERT INTO product VALUES("CEFUROXIME TABLETS ENACEF 500","","34.00","24.98","24.98","30","99","1","3","SKU1023","2024-07-01","2024-02-01","10TABS","23");
INSERT INTO product VALUES("CEFIXIME  TAB PACK ENAFIX 200","","15.00","9.80","9.80","30","95","1","7","SKU1024","2024-10-01","2024-02-01","10TABS","24");
INSERT INTO product VALUES("CEFUROXIME PACK ZINNAT 500","","120.00","82.02","82.02","30","96","1","3","SKU1025","2023-09-01","2024-02-01","10TABS","25");
INSERT INTO product VALUES("CEFUROXIME 250 EXCINATE 250","","26.00","18.98","18.98","30","100","1","5","SKU1026","2023-04-01","2024-02-01","10TABS","26");
INSERT INTO product VALUES("AMARYL TABS 4MG","","160.00","119.51","119.51","30","100","1","0","SKU1027","2024-02-01","2024-02-01","14 TABS","27");
INSERT INTO product VALUES("COTTON BUNDLE 200G","","12.00","7.00","7.00","30","95","1","1","SKU1028","2024-02-01","2024-02-01","10TABS","28");
INSERT INTO product VALUES("AMOKSIKLAV 625 TABS UK- LEK","","33.00","22.10","22.10","30","100","1","3","SKU1029","2023-03-03","2024-02-01","10 TABS","29");
INSERT INTO product VALUES("AMOXICLAV 625MG AUGMENTIN","","98.00","72.64","72.64","25","94","1","1","SKU1030","2023-04-01","2024-02-01","14 TABS","30");
INSERT INTO product VALUES("AMOXICLAV 625 TAB NOVAMENTIN","","18.00","11.56","11.56","25","100","1","5","SKU1031","2023-02-01","2024-02-01","14 TABS","31");
INSERT INTO product VALUES("TAB 250 -  AZITHROMYCIN TAB - AZITEX","","14.00","7.33","7.33","30","100","1","1","SKU1032","2024-08-01","2024-02-01","10","32");
INSERT INTO product VALUES("EXETER DOXYCYCLINE CAPS per STRIP -","","14.00","9.90","9.90","30","100","1","5","SKU1033","2024-03-01","2024-02-01","10","33");
INSERT INTO product VALUES("DOXYCYCLINE  ECL Local per STRIP -","","3.00","2.20","2.20","30","98","1","10","SKU1034","2023-09-01","2024-02-01","10","34");
INSERT INTO product VALUES("CLINDAMYCIN CAPS per CAPS - ENACIN","","1.20","0.96","0.96","30","100","1","50","SKU1035","2022-11-01","2024-02-01","10","35");
INSERT INTO product VALUES("LONART SUSPENSION","","16.00","11.80","11.80","30","100","1","1","SKU1036","2023-03-01","2024-02-01","100ML","36");
INSERT INTO product VALUES("LUFART SUSPENSION","","13.00","9.50","9.50","30","100","1","2","SKU1037","2024-04-01","2024-02-01","100ML","37");
INSERT INTO product VALUES("NOVAMETHER SUSPENSION","","7.00","4.38","4.38","30","100","1","2","SKU1038","2023-12-01","2024-02-01","60ML","38");
INSERT INTO product VALUES("MALAR 2 SUSPENSION","","10.00","6.98","6.98","30","100","1","5","SKU1039","2023-06-01","2024-02-01","60","39");
INSERT INTO product VALUES("ROOTER HERB. MIXTER","","10.00","6.90","6.90","26","100","1","4","SKU1040","2024-02-01","2024-02-01","100","40");
INSERT INTO product VALUES("TAABEA HERB. MIXTURE","","14.00","10.00","10.00","30","97","1","4","SKU1041","2023-01-01","2024-02-01","700","41");
INSERT INTO product VALUES("OSTEOCARE LIQIUD 200ML","","43.00","31.92","31.92","26","100","1","0","SKU1042","2023-01-01","2024-02-01","500","42");
INSERT INTO product VALUES("TINATETT VENECARE 750ML","","34.00","24.14","24.14","26","100","1","1","SKU1043","2023-09-01","2024-02-01","200","43");
INSERT INTO product VALUES("LIVING BITTERS TONIC","","20.00","14.46","14.46","30","100","1","4","SKU1044","2023-01-01","2024-02-01","200","44");
INSERT INTO product VALUES("LIVING BITTERS CAPS","","28.00","20.70","20.70","30","100","1","3","SKU1045","2023-06-01","2024-02-01","20","45");
INSERT INTO product VALUES("LAWSON HERBAL MIXTURE","","14.00","9.20","9.20","30","100","1","0","SKU1046","2023-01-01","2024-02-01","100","46");
INSERT INTO product VALUES("IMPRESSOR CAPS","","60.00","44.00","44.00","30","100","1","4","SKU1047","2023-12-20","2024-02-01","30 CAPS","47");
INSERT INTO product VALUES("IMPRESSOR OIL","","60.00","44.00","44.00","30","100","1","4","SKU1048","2023-12-31","2024-02-01","70ML","48");
INSERT INTO product VALUES("RAKSON CAPS","","5.00","3.00","3.00","30","100","1","5","SKU1049","2024-12-01","2024-02-01","10","49");
INSERT INTO product VALUES("ADOM KOO CAPS","","18.00","13.50","13.50","30","100","1","5","SKU1050","2023-03-01","2024-02-01","30","50");
INSERT INTO product VALUES("ECL PIRITON SYRUP - C PHENIRAMINE","","5.00","3.20","3.20","30","100","1","5","SKU1051","2023-06-01","2024-02-01","100ML","51");
INSERT INTO product VALUES("CONGESTYL SYRUP - MEYER","","14.00","10.27","10.27","30","100","1","5","SKU1052","2023-11-01","2024-02-01","100ML","52");
INSERT INTO product VALUES("HISTAZINE SYRUP","ECL","5.50","3.98","3.98","30","100","1","3","SKU1053","2023-03-01","2024-02-01","100ML","53");
INSERT INTO product VALUES("CETRIZINE SYRUP","EXETER","8.00","5.50","5.50","30","100","1","5","SKU1054","2024-09-01","2024-02-01","100ML","54");
INSERT INTO product VALUES("COLDRILIF SYRUP - ENTRANCE","","7.50","5.00","5.00","30","100","1","5","SKU1055","2023-05-01","2024-02-01","100ML","55");
INSERT INTO product VALUES("BASECOLD SYRUP 3+","","7.00","5.00","5.00","30","100","1","1","SKU1056","2024-04-01","2024-02-01","100","56");
INSERT INTO product VALUES("KOFOL SYRUP","","16.00","12.00","12.00","30","96","1","0","SKU1057","2024-01-01","2024-02-01","100","57");
INSERT INTO product VALUES("ACTIFIED 60MG- GSK","","20.00","15.00","15.00","30","100","1","1","SKU1058","2023-05-01","2024-02-01","100","58");
INSERT INTO product VALUES("HONEYKOF HERBAL SYRUP","","12.00","8.60","8.60","26","100","1","3","SKU1059","2024-04-01","2024-02-01","100","59");
INSERT INTO product VALUES("FLEMEX JNR SYRUP","","8.00","5.60","5.60","30","96","1","5","SKU1060","2022-11-01","2024-02-01","100","60");
INSERT INTO product VALUES("BABY COUGH LINCTUS ECL","","7.00","5.04","5.04","26","100","1","5","SKU1061","2023-03-01","2024-02-01","100","61");
INSERT INTO product VALUES("CHESTY COUGH SYRUP - LUEX","","14.00","9.90","9.90","30","100","1","5","SKU1062","2023-05-01","2024-02-01","100","62");
INSERT INTO product VALUES("BELLS CHILDREN COUGH SYRUP","","16.00","10.90","10.90","30","100","1","2","SKU1063","2023-05-01","2024-02-01","100","63");
INSERT INTO product VALUES("BELLS BABY COUGH SYRUP","","20.00","11.40","11.40","26","100","1","5","SKU1064","2023-05-01","2024-02-01","100","64");
INSERT INTO product VALUES("TEETHING SYRUP ERNEST","","11.00","7.98","7.98","26","100","1","2","SKU1065","2024-12-01","2024-02-01","100","65");
INSERT INTO product VALUES("BELLS TEETHING MIXTURE","BELLS","23.00","15.80","15.80","26","100","1","1","SKU1066","2023-07-01","2024-02-01","100","66");
INSERT INTO product VALUES("TEEDAR SYRUP","","10.00","7.00","7.00","26","100","1","1","SKU1067","2024-02-01","2024-02-01","100","67");
INSERT INTO product VALUES("CAFALGIN JNR SYRUP","","10.00","6.95","6.95","26","100","1","5","SKU1068","2023-03-01","2024-02-01","100","68");
INSERT INTO product VALUES("EFPAC JNR SYRUP","","8.50","6.10","6.10","30","100","1","2","SKU1069","2023-12-01","2024-02-01","100","69");
INSERT INTO product VALUES("COARTEM 40/80","","48.00","35.20","35.20","30","100","1","2","SKU1070","2023-05-01","2024-02-01","6 TABS","70");
INSERT INTO product VALUES("QUININE TABS per STRIP","","9.00","6.50","6.50","30","100","1","4","SKU1071","2023-08-01","2024-02-01","100","71");
INSERT INTO product VALUES("MALAFAN TABS","","1.00","1.40","1.40","30","100","1","0","SKU1072","2024-05-01","2024-02-01","10","72");
INSERT INTO product VALUES("MALAR 2 TAB","","10.00","7.47","7.47","30","100","1","10","SKU1073","2022-12-01","2024-02-01","10","73");
INSERT INTO product VALUES("MALAR 2 DS TABLET","","12.00","6.98","6.98","30","100","1","5","SKU1074","2023-01-06","2024-02-01","10","74");
INSERT INTO product VALUES("NOVAMETHER FORTE","","10.00","5.10","5.10","30","100","1","10","SKU1075","2022-12-01","2024-02-01","10","75");
INSERT INTO product VALUES("P ALAXIN TAB","","18.00","13.00","13.00","30","100","1","5","SKU1076","2023-12-01","2024-02-01","10","76");
INSERT INTO product VALUES("LONART DS TAB","","22.00","15.50","15.50","30","100","1","7","SKU1077","2024-08-01","2024-02-01","6","77");
INSERT INTO product VALUES("LUFART DS","","16.00","11.80","11.80","30","100","1","4","SKU1078","2023-07-01","2024-02-01","6","78");
INSERT INTO product VALUES("NOVAMETHER 4X4 TAB","","7.00","4.90","4.90","30","100","1","2","SKU1079","2023-11-01","2024-02-01","24","79");
INSERT INTO product VALUES("ACT SHALTEM 4X4 TAB","","6.00","3.75","3.75","25","100","1","5","SKU1080","2024-10-10","2024-02-01","24","80");
INSERT INTO product VALUES("LACLOSE SOLUTION","","23.00","17.24","17.24","30","100","1","2","SKU1081","2023-03-01","2024-02-01","100","81");
INSERT INTO product VALUES("CHOCHO SOAP","","6.00","4.70","4.70","30","100","1","1","SKU1082","2023-11-01","2024-02-01","10","82");
INSERT INTO product VALUES("CHOCHO CREAM","","6.00","4.70","4.70","30","100","1","1","SKU1083","2023-04-01","2024-02-01","10","83");
INSERT INTO product VALUES("MYCOLEX POWDER - LUEX","","27.00","20.00","20.00","30","100","1","4","SKU1084","2023-02-01","2024-02-01","100","84");
INSERT INTO product VALUES("FLUCLO + AMOXI.SUSPENSON - Fluxamox","","12.00","7.89","7.89","30","100","1","5","SKU1085","2023-12-01","2024-02-01","100","85");
INSERT INTO product VALUES("METROLEX F SUSPENSION - LUEX","","19.00","14.95","14.95","30","100","1","4","SKU1086","2023-04-01","2024-02-01","100","86");
INSERT INTO product VALUES("FUMET SUSPENSION","","5.00","3.20","3.20","30","100","1","2","SKU1087","2023-10-12","2024-02-01","100","87");
INSERT INTO product VALUES("METRO Z SUSPENSION","","11.00","8.00","8.00","30","99","1","4","SKU1088","2023-02-01","2024-02-01","10","88");
INSERT INTO product VALUES("Metronidazole Suspension","METAGYL/ NOVAGYL","8.00","5.87","5.87","30","100","1","5","SKU1089","2023-11-01","2024-02-01","100","89");
INSERT INTO product VALUES("FLUCLOXACILLIN SUSP - LEPTAB","","5.00","2.59","2.59","30","100","1","5","SKU1090","2023-10-01","2024-02-01","100","90");
INSERT INTO product VALUES("LUEX BABY COUGH","LUEX","12.00","8.53","8.53","30","100","1","5","SKU1091","2023-10-01","2024-02-01","100","91");
INSERT INTO product VALUES("FLUCLOXACILLIN SUSPENSION - FLUXACIN 125","","11.00","7.80","7.80","30","100","1","5","SKU1092","2023-10-01","2024-02-01","100","92");
INSERT INTO product VALUES("ANTACID MIXTURE 200ML BELLS","","16.00","10.40","10.40","30","100","1","2","SKU1093","2024-07-01","2024-02-01","100","93");
INSERT INTO product VALUES("AMOXICILLIN SUSPENSION -PERMOXYL 125","","7.00","4.39","4.39","30","100","1","5","SKU1094","2023-03-01","2024-02-01","100","94");
INSERT INTO product VALUES("AMOXICILLIN SUSPENSION - LEPTAB","","4.00","1.65","1.65","30","98","1","7","SKU1095","2023-04-01","2024-02-01","100","95");
INSERT INTO product VALUES("CEFUROXIME SUSPENSION - ENACEF 125","","17.00","11.98","11.98","30","100","1","3","SKU1096","2023-12-01","2024-02-01","100","96");
INSERT INTO product VALUES("AMOXICILLIN SUSPENSION - EXETER","","10.00","5.98","5.98","30","100","1","5","SKU1097","2023-01-20","2024-02-01","100","97");
INSERT INTO product VALUES("ERYTHROMYCIN SUSPENSION -ENAMYCIN 125","","8.00","5.69","5.69","30","100","1","5","SKU1098","2023-06-01","2024-02-01","100","98");
INSERT INTO product VALUES("CO TRIMOXAZOLE SEPTRIN SUSPENSON - LEPTAB","","4.00","2.25","2.25","30","97","1","2","SKU1099","2023-02-01","2024-02-01","100","99");
INSERT INTO product VALUES("EXETER CLINDAMYCIN CAPS 300 - per CAPSULE","","1.50","1.10","1.10","30","100","1","20","SKU1100","2024-02-01","2024-02-01","100","100");
INSERT INTO product VALUES("INFA V OINTMENT","","23.00","17.00","17.00","30","98","1","0","SKU1101","2023-11-01","2024-02-01","100","101");
INSERT INTO product VALUES("AMOKSIKLAV 457 SUSPENSION - UK","","32.00","23.90","23.90","30","100","1","1","SKU1102","2024-12-01","2024-02-01","100","102");
INSERT INTO product VALUES("AZITHROMYCIN SUSPENSION -ZYMAX SUSPENSION","","14.00","8.89","8.89","30","100","1","5","SKU1103","2024-01-01","2024-02-01","100","103");
INSERT INTO product VALUES("SUSP AZITHROMYCIN - AZITEX","","17.00","10.80","10.80","30","100","1","2","SKU1104","2024-08-01","2024-02-01","100","104");
INSERT INTO product VALUES("PARA Exeter 500 TAB","EXETER","2.00","1.11","1.11","30","100","1","10","SKU1105","2025-02-01","2024-02-01","500","105");
INSERT INTO product VALUES("PANADOL ADVANCE TABLET","","10.00","7.21","7.21","30","100","1","3","SKU1106","2024-05-01","2024-02-01","500","106");
INSERT INTO product VALUES("PANADOL EXTRA ADVANCE per PACK","","30.00","19.80","19.80","30","100","1","4","SKU1107","2024-08-01","2024-02-01","100","107");
INSERT INTO product VALUES("PANACIN TABLET per STRIP","","1.50","0.85","0.85","30","100","1","10","SKU1108","2023-03-01","2024-02-01","100","108");
INSERT INTO product VALUES("TRAMADOL CAPSULE  per PACK ENTRANCE","","15.00","10.00","10.00","30","100","1","5","SKU1109","2023-08-01","2024-02-01","100","109");
INSERT INTO product VALUES("DORETA CAPSULE per CAP","","4.00","2.80","2.80","30","100","1","10","SKU1110","2023-07-01","2024-02-01","100","110");
INSERT INTO product VALUES("TREXAMOL CAPSULE per CAP","","2.50","1.76","1.76","30","100","1","12","SKU1111","2024-04-01","2024-02-01","100","111");
INSERT INTO product VALUES("EZIPEN TABLET","","3.00","1.76","1.76","30","100","1","10","SKU1112","2023-10-01","2024-02-01","100","112");
INSERT INTO product VALUES("ZULU 100 TABLET","","5.00","3.57","3.57","30","100","1","7","SKU1113","2023-12-01","2024-02-01","5.00","113");
INSERT INTO product VALUES("TCP LIQUID 50ML  S/S","","38.00","27.98","27.98","30","100","1","0","SKU1114","2023-02-01","2024-02-01","100","114");
INSERT INTO product VALUES("GEBEDOL PLUS + TABLET","","2.50","1.50","1.50","30","98","1","2","SKU1115","2024-01-02","2024-02-01","100","115");
INSERT INTO product VALUES("LIQUID PARAFIN","","12.00","7.85","7.85","26","190","1","4","SKU1116","2023-05-22","2023-04-21","100","116");
INSERT INTO product VALUES("METHYLATED SPIRIT 125ml - ECL BOTTLE","","7.00","4.39","4.39","30","98","1","3","SKU1117","2024-02-01","2024-02-01","100","117");
INSERT INTO product VALUES("METHYLATED SPIRIT S/S - SMALL BOTTLE","","2.50","1.50","1.50","30","97","1","0","SKU1118","2024-01-01","2024-02-01","10","118");
INSERT INTO product VALUES("GENTION VIOLET - GV PAINT","","2.50","1.80","1.80","30","100","1","7","SKU1119","2023-03-01","2024-02-01","100","119");
INSERT INTO product VALUES("BORGES OLIVE OIL 125ML","","18.00","13.45","13.45","33","100","1","2","SKU1120","2023-09-01","2024-02-01","100","120");
INSERT INTO product VALUES("BELLS OLIVE OIL","","16.00","11.90","11.90","30","100","1","4","SKU1121","2024-12-01","2024-02-01","100","121");
INSERT INTO product VALUES("OMEGA OIL","OMEGA 50ml","13.00","8.50","8.50","30","100","1","4","SKU1122","2023-11-16","2024-02-01","100","122");
INSERT INTO product VALUES("BIO OIL SKINCARE","BIO 60ml","20.00","14.00","14.00","30","100","1","3","SKU1123","2025-09-01","2024-02-01","100","123");
INSERT INTO product VALUES("WISDOM MOUTHWASH","WISDOM","18.00","12.08","12.08","30","100","1","3","SKU1124","2024-03-01","2024-02-01","100","124");
INSERT INTO product VALUES("NESTER MOUTHWASH","","15.00","10.89","10.89","30","100","1","4","SKU1125","2023-04-01","2024-02-01","100","125");
INSERT INTO product VALUES("KAMACLOX MOUTHWASH","","13.00","9.00","9.00","30","100","1","1","SKU1126","2024-07-01","2024-02-01","100","126");
INSERT INTO product VALUES("HYDRO. PEROXIDE ECL 200ml","ECL BOTTLE","7.00","5.02","5.02","30","100","1","4","SKU1127","2024-11-01","2024-02-01","100","127");
INSERT INTO product VALUES("HYDRO. PEROXIDE Plastic btl BPP BTL","","4.00","2.50","2.50","30","100","1","2","SKU1128","2023-08-01","2024-02-01","100","128");
INSERT INTO product VALUES("MIST. POTASSIUM. CIT - MIST POT CIT","","4.00","3.00","3.00","30","100","1","0","SKU1129","2023-06-01","2024-02-01","100","129");
INSERT INTO product VALUES("MAGNESSIUM TRISC. - MGT","","4.00","2.50","2.50","30","90","1","4","SKU1130","2023-10-01","2024-02-01","100","130");
INSERT INTO product VALUES("MILK OF MAGNESSIA","MILK","3.00","1.40","1.40","30","96","1","5","SKU1131","2023-04-01","2024-02-01","100","131");
INSERT INTO product VALUES("AMPICLOX CAPS per STRIP","LEPTAB","4.50","3.37","3.37","30","100","1","5","SKU1132","2023-04-01","2024-02-01","100","132");
INSERT INTO product VALUES("CHLORDIAZEPOXIDE CAPS -  LIBRIUM LEPTAB","","2.00","1.11","1.11","30","794","1","20","SKU1133","","2022-07-05","100","133");
INSERT INTO product VALUES("INDOMETHAZINE -  INDOCID Leptab","","0.80","0.40","0.40","30","100","1","10","SKU1134","2023-01-02","2024-02-01","100","134");
INSERT INTO product VALUES("AKOMA  APC","","1.00","0.50","0.50","30","100","1","15","SKU1135","2023-01-01","2024-02-01","100","135");
INSERT INTO product VALUES("BISACODYL TABS","","1.00","0.35","0.35","30","100","1","20","SKU1136","2023-03-20","2024-02-01","100","136");
INSERT INTO product VALUES("PENICILLIN V TABS","","1.00","0.75","0.75","30","100","1","20","SKU1137","2023-04-02","2024-02-01","100","137");
INSERT INTO product VALUES("IBUPROFEN 200 TABS Eskay","","1.00","0.51","0.51","30","92","1","7","SKU1138","2023-02-01","2024-02-01","100","138");
INSERT INTO product VALUES("IBUPROFEN TAB 400mg -ENAFEN / LETAFEN 400","","2.00","1.20","1.20","30","100","1","15","SKU1139","2023-10-01","2024-02-01","100","139");
INSERT INTO product VALUES("DICLOFENAC 75MG CAPS per STRIP - NAKLOFEN DUO","","20.00","15.00","15.00","30","100","1","2","SKU1140","2023-09-01","2024-02-01","100","140");
INSERT INTO product VALUES("DICLOFENAC CHOLESTR. FLOTAC 75","","75.00","53.40","53.40","30","100","1","3","SKU1141","2023-05-01","2024-02-01","100","141");
INSERT INTO product VALUES("DICLOFENAC 100 per TAB -  VOLTAREN RETARD","","2.50","1.88","1.88","30","91","1","25","SKU1142","2023-03-01","2024-02-01","100","142");
INSERT INTO product VALUES("CELECOXIB 200 - CELEBREX","","94.00","69.28","69.28","30","100","1","1","SKU1143","2022-11-01","2024-02-01","200","143");
INSERT INTO product VALUES("CELECOXIB TAB 200 per STRIP - EXETER","","10.00","6.64","6.64","30","100","1","6","SKU1144","2024-06-01","2024-02-01","200","144");
INSERT INTO product VALUES("GOFEX - IBUPROFEN 400 CAPS","","12.00","8.33","8.33","30","95","1","10","SKU1145","2023-05-01","2024-02-01","400","145");
INSERT INTO product VALUES("PIROXICAM CAPS per PACK -OXAFEN","","2.00","1.20","1.20","30","92","1","10","SKU1146","2024-04-01","2024-02-01","100","146");
INSERT INTO product VALUES("RONFIT FORTE","","3.50","2.60","2.60","30","99","1","3","SKU1147","2023-01-02","2024-02-01","100","147");
INSERT INTO product VALUES("KEFEN PLAIN per PACK","","3.50","2.59","2.59","30","100","1","7","SKU1148","2023-01-01","2024-02-01","100","148");
INSERT INTO product VALUES("KEFEN EXTRA per PACK","","4.50","2.98","2.98","30","100","1","7","SKU1149","2023-04-01","2024-02-01","100","149");
INSERT INTO product VALUES("TOBTABS per PACK","","3.00","2.60","2.60","30","100","1","10","SKU1150","2024-03-01","2024-02-01","100","150");
INSERT INTO product VALUES("ASPIMANOL TABS","","0.70","0.40","0.40","30","100","1","15","SKU1151","2023-11-01","2024-02-01","10","151");
INSERT INTO product VALUES("NEXCOFER CAPS per PACK - ECL","","8.00","5.60","5.60","30","100","1","1","SKU1152","2023-12-01","2024-02-01","100","152");
INSERT INTO product VALUES("3FER SYRUP","nnnn","10.00","4.60","4.60","30","270","1","0","SKU1153","2024-01-01","2023-12-01","100","153");
INSERT INTO product VALUES("NEXCOFER TONIC 200","ECL","12.00","8.30","8.30","30","100","1","4","SKU1154","2023-12-01","2024-02-01","120","154");
INSERT INTO product VALUES("FERUM SYRUP","","7.00","5.00","5.00","30","100","1","4","SKU1155","2023-03-01","2024-02-01","100","155");
INSERT INTO product VALUES("ATROPINE","","4.00","1.50","1.50","30","100","1","1","SKU1156","2022-09-01","2024-02-01","100","156");
INSERT INTO product VALUES("XFERON SYRUP 200ML","","12.00","7.56","7.56","30","100","1","4","SKU1157","2023-02-02","2024-02-01","100","157");
INSERT INTO product VALUES("CAPS SEVEN SEAS ( COD LIVER + OMEGA ) CAPSULE","","45.00","45.00","45.00","30","100","1","1","SKU1158","2024-10-01","2024-02-01","100","158");
INSERT INTO product VALUES("ZINCOFER TONIC 200ML","","21.00","15.74","15.74","30","100","1","2","SKU1159","2023-11-01","2024-02-01","100","159");
INSERT INTO product VALUES("POLYFER SYRUP","","8.00","5.50","5.50","30","100","1","4","SKU1160","2023-04-01","2024-02-01","100","160");
INSERT INTO product VALUES("BECOACTIN TABLET","","15.00","10.35","10.35","30","100","1","2","SKU1161","2024-11-01","2024-02-01","100","161");
INSERT INTO product VALUES("FEROGLOBIN SYRUP","","49.00","37.00","37.00","30","99","1","2","SKU1162","2023-09-01","2024-02-01","200","162");
INSERT INTO product VALUES("FOLIGROW SYRUP 200ML","","30.00","20.02","20.02","30","100","1","5","SKU1163","2023-03-01","2024-02-01","200","163");
INSERT INTO product VALUES("DYNWELL SYRUP","","5.00","3.80","3.80","30","100","1","5","SKU1164","2023-07-01","2024-02-01","100","164");
INSERT INTO product VALUES("TALAGENTIS 5MG per STRIP","","15.00","10.00","10.00","30","100","1","1","SKU1165","2024-08-01","2024-02-01","100","165");
INSERT INTO product VALUES("APETAMINE SYRUP","","21.00","15.50","15.50","30","100","1","2","SKU1166","2023-07-01","2024-02-01","100","166");
INSERT INTO product VALUES("TRES ORIX 250ML","","30.00","22.90","22.90","30","100","1","4","SKU1167","2023-02-01","2024-02-01","100","167");
INSERT INTO product VALUES("ABYTONE SYRUP","","14.00","10.00","10.00","30","141","1","0","SKU1168","2023-05-26","2022-07-06","100","168");
INSERT INTO product VALUES("GUDAPET SYRUP","","10.00","7.15","7.15","30","100","1","4","SKU1169","2023-04-01","2024-02-01","100","169");
INSERT INTO product VALUES("LEENA SYRUP","","12.00","7.61","7.61","30","100","1","4","SKU1170","2023-06-01","2024-02-01","100","170");
INSERT INTO product VALUES("MARK 2 INHALER","","8.50","6.04","6.04","30","99","1","2","SKU1171","2023-02-01","2024-02-01","10","171");
INSERT INTO product VALUES("ASTYMIN SYRUP","","21.00","15.90","15.90","30","100","1","3","SKU1172","2023-08-01","2024-02-01","100","172");
INSERT INTO product VALUES("CYFEN SYRUP","","14.00","9.30","9.30","30","100","1","4","SKU1173","2022-11-01","2024-02-01","100","173");
INSERT INTO product VALUES("ZINCOVIT SYRUP  200ML","","21.00","15.63","15.63","30","100","1","1","SKU1174","2023-11-01","2024-02-01","200","174");
INSERT INTO product VALUES("ZINCOVIT DROPS","","9.50","7.03","7.03","30","100","1","3","SKU1175","2023-08-01","2024-02-01","90","175");
INSERT INTO product VALUES("ZINVITE SYRUP - ENTRANCE","","15.00","8.45","8.45","30","100","1","5","SKU1176","2023-07-01","2024-02-01","100","176");
INSERT INTO product VALUES("KIDIVITE SYRUP 200ML -12 NUTRIENTS","","12.00","7.59","7.59","30","100","1","4","SKU1177","2024-01-01","2024-02-01","100","177");
INSERT INTO product VALUES("PROKID MULTIVIT DROPS","","8.00","5.90","5.90","30","100","1","4","SKU1178","2022-09-01","2024-02-01","100","178");
INSERT INTO product VALUES("KIDIVITE  DROPS 25ML","","14.00","9.98","9.98","30","100","1","4","SKU1179","2023-03-01","2024-02-01","100","179");
INSERT INTO product VALUES("FEROGLOBIN CAPS","","50.00","38.03","38.03","30","91","1","0","SKU1180","2024-02-01","2024-02-01","100","180");
INSERT INTO product VALUES("HEMOSOFT CAPS","","30.00","23.00","23.00","30","100","1","5","SKU1181","2024-02-01","2024-02-01","100","181");
INSERT INTO product VALUES("ZINCOVIT CAPSULES","APEX","26.00","19.30","19.30","30","99","1","4","SKU1182","2022-11-01","2024-02-01","100","182");
INSERT INTO product VALUES("REDSUN CAPSULES PACK","","15.00","9.68","9.68","30","100","1","0","SKU1183","2023-02-01","2024-02-01","100","183");
INSERT INTO product VALUES("ZINVITE CAPS per STRIP - ENTRANCE","","10.00","4.57","4.57","30","100","1","5","SKU1184","2023-03-01","2024-02-01","100","184");
INSERT INTO product VALUES("CYPRODINE CAPS / SYRUP","","38.00","29.80","29.80","30","100","1","2","SKU1185","2024-09-01","2024-02-01","30","185");
INSERT INTO product VALUES("PARA LEPTAB / ZINOL   500mg tablet","","1.00","0.60","0.60","30","96","1","4","SKU1186","2023-03-01","2024-02-01","30","186");
INSERT INTO product VALUES("GLUCOLIFE D - ECL","","9.00","8.50","8.50","30","100","1","0","SKU1187","2022-05-01","2024-02-01","100","187");
INSERT INTO product VALUES("GLUCOSE PLAIN - LEPTAB","","7.00","4.45","4.45","30","100","1","1","SKU1188","2023-04-01","2024-02-01","100","188");
INSERT INTO product VALUES("AMOXICILLIN 500 per Blister ENTRANCE","","4.00","2.50","2.50","30","100","1","10","SKU1189","2023-08-01","2024-02-01","100","189");
INSERT INTO product VALUES("AMOXICILLIN 250  Blister -PERMOXYL 250","","2.00","1.35","1.35","30","100","1","12","SKU1190","2024-04-01","2024-02-01","100","190");
INSERT INTO product VALUES("AMOXIC.+ FLUCLO CAPS - FLUXAMOX 500","","7.00","4.50","4.50","30","100","1","5","SKU1191","2024-06-01","2024-02-01","100","191");
INSERT INTO product VALUES("ERYTHROMYCIN 250 TABLETS","ENAMYCIN 250","4.00","2.80","2.80","30","100","1","10","SKU1192","2023-04-01","2024-02-01","10","192");
INSERT INTO product VALUES("CAPS FLUCLOXACILLIN - FLUXACIN 500","","8.00","6.12","6.12","30","100","1","12","SKU1193","2024-01-01","2024-02-01","10","193");
INSERT INTO product VALUES("28s FLUCLOXACILLIN 500 PACK - EXETER","mmmm","28.00","19.89","21.89","30","201","1","0","SKU1194","2023-04-01","2024-02-01","100","194");
INSERT INTO product VALUES("LEVOFLOXACIN 500 CAPS - EXETER& MSN","","25.00","18.89","18.89","30","100","1","4","SKU1195","2024-04-01","2024-02-01","10","195");
INSERT INTO product VALUES("FLUCLOX 250 - local","","3.00","2.19","2.19","30","100","1","10","SKU1196","2022-08-01","2024-02-01","100","196");
INSERT INTO product VALUES("CLARITHROMYCIN 500 per TAB - B CLAR","","1.80","1.50","1.50","30","100","1","20","SKU1197","2022-07-01","2024-02-01","10","197");
INSERT INTO product VALUES("CLARITHROMYCIN 500 per PACK","EXETER","42.00","28.98","28.98","30","100","1","2","SKU1198","2024-02-25","2024-02-01","10","198");
INSERT INTO product VALUES("TOBREX EYE DROPS - TOBRAMYCIN 0.3%","","30.00","22.29","22.29","30","100","1","1","SKU1199","2023-12-01","2024-02-01","10","199");
INSERT INTO product VALUES("CIPRO 500 per PACK NOVACIP","","5.00","2.10","2.10","30","100","1","10","SKU1200","2024-02-01","2024-02-01","10","200");
INSERT INTO product VALUES("CIPRO 500 per Blister ALL","","3.50","2.50","2.50","30","100","1","30","SKU1201","2024-02-01","2024-02-01","10","201");
INSERT INTO product VALUES("CIPRO + TINEDAZOLE - CIFLOX T","","8.00","5.20","5.20","30","100","1","7","SKU1202","2023-01-01","2024-02-01","10","202");
INSERT INTO product VALUES("TETRACYLINE CAPS - LEPTAB","","1.50","0.90","0.90","30","100","1","25","SKU1203","2023-06-01","2024-02-01","10","203");
INSERT INTO product VALUES("CHLOROPHENICOL CAPS","","3.00","2.24","2.24","30","100","1","20","SKU1204","2023-03-01","2024-02-01","10","204");
INSERT INTO product VALUES("AMOXICILLIN 500 per PACK - EXETER","","12.00","8.28","8.28","30","100","1","4","SKU1205","2023-05-01","2024-02-01","10","205");
INSERT INTO product VALUES("MAXMOX 500 PACK","","6.00","4.20","4.20","30","100","1","0","SKU1206","2023-12-01","2024-02-01","10","206");
INSERT INTO product VALUES("NOSPA 40MG per STRIP","","9.00","6.50","6.50","30","100","1","6","SKU1207","2023-05-01","2024-02-01","10","207");
INSERT INTO product VALUES("BUSCOPAM TAB","","7.00","4.58","4.58","30","100","1","15","SKU1208","2023-02-01","2024-02-01","10","208");
INSERT INTO product VALUES("METEOCLOPRAMIDE 10MG - BLISTER","","1.00","0.80","0.80","30","100","1","15","SKU1209","2023-05-01","2024-02-01","10","209");
INSERT INTO product VALUES("CETRIZINE TAB per PACK -EXETER","","7.00","4.60","4.60","30","99","1","7","SKU1210","2023-04-02","2024-02-01","10","210");
INSERT INTO product VALUES("STUGERON  TABS per STRIP","","7.00","4.71","4.71","30","100","1","5","SKU1211","2023-01-02","2024-02-01","10","211");
INSERT INTO product VALUES("ZYFEN TABLETS","","20.00","15.00","15.00","30","91","1","2","SKU1212","2024-03-01","2024-02-01","10","212");
INSERT INTO product VALUES("RHIZINE / CETRIZINE / HISTAZINE /TABLETS","","1.00","0.50","0.50","30","100","1","20","SKU1213","2024-01-01","2024-02-01","110","213");
INSERT INTO product VALUES("PIRITON LOCAL TABLET per Blister","","0.50","0.24","0.24","30","160","1","15","SKU1214","","2022-07-06","10","214");
INSERT INTO product VALUES("ZINC TABLETS 10/20MG","","1.00","0.31","0.31","30","100","1","25","SKU1215","2022-11-01","2024-02-01","10","215");
INSERT INTO product VALUES("VISCOF PLAIN Syrup","","15.00","8.98","8.98","30","100","1","3","SKU1216","2023-12-01","2024-02-01","1","216");
INSERT INTO product VALUES("Viscof D Syrup","","15.00","11.33","11.33","30","99","1","3","SKU1217","2023-05-01","2024-02-01","10","217");
INSERT INTO product VALUES("VISCOF S","","15.00","10.41","10.41","30","100","1","4","SKU1218","2023-08-01","2024-02-01","10","218");
INSERT INTO product VALUES("ZUBES COUGH SYRUP","","22.00","16.00","16.00","30","100","1","4","SKU1219","2024-02-01","2024-02-01","10","219");
INSERT INTO product VALUES("RIDDLES COUGH SYRUP","","8.00","5.72","5.72","30","100","1","3","SKU1220","2024-08-01","2024-02-01","10","220");
INSERT INTO product VALUES("SAMALIN NON DROWZY","","8.00","5.60","5.60","30","100","1","4","SKU1221","2023-01-01","2024-02-01","100","221");
INSERT INTO product VALUES("SAMALIN ADULT & JNR SYRUP","","8.00","5.80","5.80","30","100","1","8","SKU1222","2024-10-01","2024-02-01","10","222");
INSERT INTO product VALUES("STOPKOF SYRUPS - ALL","","9.50","6.98","6.98","30","100","1","3","SKU1223","2023-06-06","2024-02-01","10","223");
INSERT INTO product VALUES("STOPKOF COLD & CATTARRH SYRUP","","8.00","5.98","5.98","30","100","1","4","SKU1224","2024-07-01","2024-02-01","10","224");
INSERT INTO product VALUES("STOPKOF EXPECTORANT - ECL","","8.00","3.98","3.98","30","100","1","4","SKU1225","2023-01-01","2024-02-01","10","225");
INSERT INTO product VALUES("ZECARB CARBOCIST 2% / 5%  ADULT & JNR","","8.00","4.55","4.55","30","100","1","4","SKU1226","2024-01-01","2024-02-01","10","226");
INSERT INTO product VALUES("AMINO PEP FORTE","","22.00","13.95","13.95","26","98","1","0","SKU1227","2023-01-20","2024-02-01","100","227");
INSERT INTO product VALUES("VIKIL 20 SYRUP","","35.00","26.00","26.00","30","100","1","4","SKU1228","2022-09-01","2024-02-01","100","228");
INSERT INTO product VALUES("VITAMIN B COMPLEX SYRUP","","4.00","2.89","2.89","30","100","1","4","SKU1229","2023-02-01","2024-02-01","100","229");
INSERT INTO product VALUES("BIO OIL 125ML","","50.00","38.10","38.10","30","100","1","0","SKU1230","2025-04-01","2024-02-01","10","230");
INSERT INTO product VALUES("BELLS VITAMIN C SYRUP - BELLS","","20.00","14.80","14.80","30","100","1","1","SKU1231","2023-08-01","2024-02-01","10","231");
INSERT INTO product VALUES("PHARMADERM HERBAL SOAP","","20.00","13.50","13.50","30","100","1","1","SKU1232","2024-02-04","2024-02-01","10","232");
INSERT INTO product VALUES("WELLBABY DROPS - VITABIOTICS","","68.00","49.96","49.96","30","100","1","1","SKU1233","2023-01-01","2024-02-01","10","233");
INSERT INTO product VALUES("WELLBABY MULTIVITAMINE - VITABIOTICS","","80.00","56.30","56.30","30","96","1","2","SKU1234","2023-02-01","2024-02-01","100","234");
INSERT INTO product VALUES("WELLKID MULTIVITAMINE - VITABIOTICS","","82.00","57.90","57.90","30","100","1","2","SKU1235","2022-06-01","2024-02-01","10","235");
INSERT INTO product VALUES("SANDOZ OMEPRAZOLE 20mg PACK","","15.00","10.00","10.00","30","100","1","0","SKU1236","2023-04-01","2024-02-01","10","236");
INSERT INTO product VALUES("OMEPRAZOLE  20MG per PACK - OMPRA 20","","10.00","5.38","5.38","30","100","1","5","SKU1237","2023-09-01","2024-02-01","10","237");
INSERT INTO product VALUES("OMEPRAZOLE 20mg per Strip / HYCID PACK","","4.00","2.30","2.30","30","100","1","0","SKU1238","2024-07-01","2024-02-01","10","238");
INSERT INTO product VALUES("MUPIROCIN OINTMENT","","27.00","19.89","19.89","30","100","1","1","SKU1239","2023-02-01","2024-02-01","10","239");
INSERT INTO product VALUES("NEXIUM 40MG per TAB","","10.00","7.51","7.51","30","100","1","4","SKU1240","2023-01-01","2024-02-01","10","240");
INSERT INTO product VALUES("20mg NEXIUM  20MG per TAB","yyy","5.00","4.50","4.50","35","90","1","0","SKU1241","2022-05-01","2024-02-01","10","241");
INSERT INTO product VALUES("EXETER OMEPRAZOLE 20MG PACK - OMEXET","","15.00","8.80","8.80","30","100","1","4","SKU1242","2023-11-01","2024-02-01","10","242");
INSERT INTO product VALUES("OMESHAL D TABLETS","","10.00","7.40","7.40","30","99","1","4","SKU1243","2023-01-01","2024-02-01","10","243");
INSERT INTO product VALUES("METRO Z CAPS per PACK","ECL","6.00","3.98","3.98","30","100","1","4","SKU1244","2025-11-01","2024-02-01","10","244");
INSERT INTO product VALUES("Metronidazole 400  per Blister METAGYL & NOVAGYL","","2.00","1.11","1.11","30","100","1","25","SKU1245","2023-10-01","2024-02-01","100","245");
INSERT INTO product VALUES("METRO PACK 400 EXETER per PACK","","10.00","6.59","6.59","30","91","1","10","SKU1246","2026-02-01","2024-02-01","10","246");
INSERT INTO product VALUES("Metronidazole 200 per Blister METAGYL & NOVAGYL","","1.00","0.47","0.47","30","100","1","15","SKU1247","2023-10-01","2024-02-01","100","247");
INSERT INTO product VALUES("LOPERAMIDE CAPS -CLODIUM & STARDIUM","","2.00","0.90","0.90","30","100","1","5","SKU1248","2024-02-01","2024-02-01","10","248");
INSERT INTO product VALUES("METROLEX F TAB per PACK - LUEX","","16.00","12.00","12.00","30","94","1","4","SKU1249","2023-01-03","2024-02-01","100","249");
INSERT INTO product VALUES("SEPTRIN TABLET LEPTAB","","1.00","0.90","0.90","30","100","1","25","SKU1250","2023-06-01","2024-02-01","10","250");
INSERT INTO product VALUES("B CO TABLET MULTIVIT","BCO TAB","0.50","0.20","0.20","30","100","1","20","SKU1251","2024-10-01","2024-02-01","100","251");
INSERT INTO product VALUES("MULTIVITAMIMNE TABLETS - LEPTAB","","0.50","0.23","0.23","30","100","1","25","SKU1252","2022-07-01","2024-02-01","10","252");
INSERT INTO product VALUES("FOLIC  ACID 5mg Blister ALL","","0.50","0.16","0.16","30","100","1","20","SKU1253","2023-09-01","2024-02-01","10","253");
INSERT INTO product VALUES("APETAMINE  TAB per Blister","","4.00","2.50","2.50","30","100","1","5","SKU1254","2024-09-01","2024-02-01","10","254");
INSERT INTO product VALUES("PROMETHAZINE TABLET","","1.00","0.72","0.72","30","100","1","20","SKU1255","2024-01-01","2024-02-01","10","255");
INSERT INTO product VALUES("DYNWELL TABLETS","","0.50","0.20","0.20","30","100","1","20","SKU1256","2023-01-01","2024-02-01","10","256");
INSERT INTO product VALUES("CYPRONE & ABYTONE TAB per PACK","","4.00","1.87","1.87","30","98","1","4","SKU1257","2022-11-01","2024-02-01","10","257");
INSERT INTO product VALUES("FERROUS SULPHATE per PACK EXETER","","7.00","4.89","4.89","30","99","1","5","SKU1258","2022-12-01","2024-02-01","102","258");
INSERT INTO product VALUES("FERROUS SULPHATE per Blister - LOCAL","","0.50","0.29","0.29","30","100","1","20","SKU1259","2023-03-01","2024-02-01","10","259");
INSERT INTO product VALUES("FOLIC ACID 5MG per EXETER PACK","EXETER","7.00","4.59","4.59","30","100","1","2","SKU1260","2022-12-01","2024-02-01","10","260");
INSERT INTO product VALUES("FOLIC ACID. 5MG CRESENT PACK","","10.00","6.00","6.00","30","100","1","5","SKU1261","2024-01-02","2024-02-01","10","261");
INSERT INTO product VALUES("ESSENTIAL VITAMINE E CAPS- CONTAINER","","38.00","27.00","27.00","30","100","1","3","SKU1262","2023-05-01","2024-02-01","100","262");
INSERT INTO product VALUES("SELEVITE CAPS - CONTAINER","","30.00","21.21","21.21","30","100","1","3","SKU1263","2023-09-01","2024-02-01","100","263");
INSERT INTO product VALUES("VITAMINE E CAPS CONTAINER - EXETER","","30.00","18.28","18.28","30","100","1","1","SKU1264","2022-06-01","2024-02-01","10","264");
INSERT INTO product VALUES("THIAMINE CAPS SUPPLEMENT","","38.00","28.00","28.00","30","100","1","12","SKU1265","2023-11-01","2024-02-01","100","265");
INSERT INTO product VALUES("SEVEN  SEAS ( COD LIVER + OMEGA OIL )","","40.00","27.00","27.00","30","100","1","1","SKU1266","2023-03-01","2024-02-01","10","266");
INSERT INTO product VALUES("90s VALUPAK FOLIC  ACID","","21.00","15.50","15.50","30","445","1","2","SKU1268","2024-01-01","2023-12-01","10","268");
INSERT INTO product VALUES("OMEGA 369  CAPS - ALL","","20.00","15.33","15.33","30","96","1","2","SKU1269","2023-01-01","2024-02-01","10","269");
INSERT INTO product VALUES("COD LIVER OIL 550 & 1000MG","","22.00","15.68","15.68","30","100","1","4","SKU1270","2024-01-01","2024-02-01","100","270");
INSERT INTO product VALUES("ODOURLESS GARLIC  CAPS - ZANZA","","9.00","6.29","6.29","30","100","1","2","SKU1271","2023-02-01","2024-02-01","10","271");
INSERT INTO product VALUES("PREDNISOLINE  TAB - local","","1.50","0.84","0.84","30","100","1","10","SKU1272","2024-04-01","2024-02-01","10","272");
INSERT INTO product VALUES("MENTHODEX SYRUP 100ML","","18.00","12.40","12.40","30","100","1","4","SKU1273","2023-12-01","2024-02-01","100","273");
INSERT INTO product VALUES("MENTHODEX SYRUP 200ML","","28.00","19.00","19.00","30","100","1","2","SKU1274","2024-06-01","2024-02-01","100","274");
INSERT INTO product VALUES("ROBB ORIGINAL CONTAINER","","6.00","4.50","4.50","30","100","1","2","SKU1275","2024-01-01","2024-02-01","100","275");
INSERT INTO product VALUES("DIPHEX COUGH SYRUP","","9.00","6.73","6.73","30","100","1","2","SKU1276","2024-11-01","2024-02-01","100","276");
INSERT INTO product VALUES("KOFLET COUGH SYRUP - HIMALAYA","","18.50","13.69","13.69","30","100","1","2","SKU1277","2024-09-01","2024-02-01","100","277");
INSERT INTO product VALUES("BONNISAN","","18.00","12.20","12.20","30","100","1","4","SKU1278","2023-10-10","2024-02-01","410","278");
INSERT INTO product VALUES("AUNTIE MARY GRIPE WATER","","10.00","7.13","7.13","30","100","1","4","SKU1279","2023-08-01","2024-02-01","100","279");
INSERT INTO product VALUES("MOTHERCARE GRIPE WATER - EXETER","","18.00","12.98","12.98","30","100","1","1","SKU1280","2024-01-01","2024-02-01","10","280");
INSERT INTO product VALUES("MEBENDAZOLE 500MG -  VERMOX TAB","","11.00","7.98","7.98","30","100","1","5","SKU1281","2023-12-01","2024-02-01","400","281");
INSERT INTO product VALUES("ALBENDAZOLE 400MG - WORMPLEX","","7.50","5.38","5.38","30","100","1","2","SKU1282","2024-10-01","2024-02-01","1","282");
INSERT INTO product VALUES("ALBENDAZOLE 200MG TAB - NESBEN TAB","","5.00","3.50","3.50","30","100","1","5","SKU1283","2023-02-01","2024-02-01","2","283");
INSERT INTO product VALUES("ALBENDAZOLE 200MG - ZENTEL TAB","","10.00","7.73","7.73","30","100","1","5","SKU1284","2023-02-01","2024-02-01","2","284");
INSERT INTO product VALUES("ALBENDAZOLE SUSPENSION - NESBEN SUSP","","6.00","3.98","3.98","30","100","1","3","SKU1285","2023-01-01","2024-02-01","10","285");
INSERT INTO product VALUES("TAMSULOSIN  HYDRO.","EXETER & CONTIFLO","25.00","17.59","17.59","30","100","1","4","SKU1286","2023-10-01","2024-02-01","100","286");
INSERT INTO product VALUES("FINESTRIDE TAB 5MG - FINASTRIDE","","25.00","18.00","18.00","30","100","1","4","SKU1287","2024-05-01","2024-02-01","10","287");
INSERT INTO product VALUES("ACIGUARD O SUSPENSION","","15.00","7.30","7.30","30","100","1","4","SKU1288","2023-01-01","2024-02-01","10","288");
INSERT INTO product VALUES("NUGEL O SUSPENSION","","24.00","18.00","18.00","30","100","1","2","SKU1289","2023-11-01","2024-02-01","100","289");
INSERT INTO product VALUES("NUGEL PLAIN SUSPENSION","","20.00","15.97","15.97","30","100","1","5","SKU1290","2023-03-01","2024-02-01","100","290");
INSERT INTO product VALUES("ACIGUARD PLAIN SUSP","","10.00","5.43","5.43","30","100","1","4","SKU1291","2024-08-01","2024-02-01","100","291");
INSERT INTO product VALUES("STOMACAINE","","20.00","14.90","14.90","30","100","1","4","SKU1292","2023-01-01","2024-02-01","100","292");
INSERT INTO product VALUES("GASTRONE PLUS 200ML","","17.00","12.30","12.30","30","99","1","4","SKU1293","2024-12-01","2024-02-01","100","293");
INSERT INTO product VALUES("Gastrone Plus 100ml","","7.00","4.59","4.59","30","100","1","2","SKU1294","2023-12-01","2024-02-01","100","294");
INSERT INTO product VALUES("ALBENDAZOLE 200MG TAB - DEWORME","","2.00","1.15","1.15","30","100","1","7","SKU1295","2024-01-01","2024-02-01","2","295");
INSERT INTO product VALUES("MAGACID SUSPENSION","","11.00","8.00","8.00","30","100","1","4","SKU1296","2024-10-01","2024-02-01","100","296");
INSERT INTO product VALUES("ZEROCID SUSPENSION","","12.00","8.40","8.40","30","100","1","2","SKU1297","2024-01-01","2024-02-01","100","297");
INSERT INTO product VALUES("RHINATHIOL ADULT SYRUP","","35.00","25.57","25.57","30","100","1","2","SKU1298","2023-05-05","2024-02-01","110","298");
INSERT INTO product VALUES("FLEMEX ADULT SYRUP","","9.00","6.72","6.72","30","100","1","2","SKU1299","2022-09-01","2024-02-01","100","299");
INSERT INTO product VALUES("LUEX ADULT COUGH SYRUP","","14.00","9.90","9.90","30","100","1","4","SKU1300","2023-06-01","2024-02-01","10","300");
INSERT INTO product VALUES("KEFROX CEFUROXIME 500 - LUEX","","30.00","20.00","20.00","30","99","1","1","SKU1301","2023-03-01","2024-02-01","10","301");
INSERT INTO product VALUES("MENTHOX COUGH SYRUP","","7.00","4.60","4.60","30","100","1","4","SKU1302","2024-02-04","2024-02-01","10","302");
INSERT INTO product VALUES("BENYLIN PAEDIATRIC SYRUP","","38.00","27.73","27.73","30","96","1","1","SKU1303","2024-01-04","2024-02-01","10","303");
INSERT INTO product VALUES("BENYLIN 4 FLU","","32.00","22.93","22.93","30","100","1","2","SKU1304","2024-01-01","2024-02-01","10","304");
INSERT INTO product VALUES("KOFFEX COUGH SYRUP","","7.00","4.66","4.66","30","99","1","5","SKU1305","2023-01-01","2024-02-01","100","305");
INSERT INTO product VALUES("LETALIN  COUGH SYRUP","","3.00","1.40","1.40","30","100","1","5","SKU1306","2023-01-01","2024-02-01","100","306");
INSERT INTO product VALUES("GRISEOFULVIN SYRUP - NOVAFULVIN","","8.50","6.13","6.13","30","100","1","4","SKU1307","2023-02-01","2024-02-01","100","307");
INSERT INTO product VALUES("PROMETHAZINE SYRUP - PROMIZEL","","5.00","3.50","3.50","30","100","1","5","SKU1308","2023-01-01","2024-02-01","100","308");
INSERT INTO product VALUES("IBUPROFEN SYRUP - ENAFEN SYRUP","","6.00","4.20","4.20","30","100","1","2","SKU1309","2023-01-01","2024-02-01","100","309");
INSERT INTO product VALUES("IBUPROFEN 200 / PACK UK- GALPHARM","","5.00","3.25","3.25","30","100","1","1","SKU1310","2023-08-01","2024-02-01","100","310");
INSERT INTO product VALUES("PARA SYRUP - EXETER","","7.00","4.96","4.96","30","100","1","3","SKU1311","2025-02-01","2024-02-01","100","311");
INSERT INTO product VALUES("Para Syrup LOCAL 100ml","ECL & Pharmanova","6.00","3.89","3.89","30","100","1","5","SKU1312","2024-04-01","2024-02-01","100","312");
INSERT INTO product VALUES("CALPOL 6+ SUSPENSION","","49.00","36.49","36.49","30","100","1","0","SKU1313","2024-09-01","2024-02-01","100","313");
INSERT INTO product VALUES("CALAMINE LOTION 200ML - KALAMINA 200","","10.00","6.49","6.49","30","110","1","3","SKU1314","2024-03-01","2024-02-01","200","314");
INSERT INTO product VALUES("BENZYL BENZOATE","","17.00","12.50","12.50","30","95","1","0","SKU1315","2024-08-01","2024-02-01","100","315");
INSERT INTO product VALUES("SECNIDAZOLE  EXETER / LAVINA PACK","","7.00","4.60","4.60","30","100","1","2","SKU1316","2024-05-01","2024-02-01","100","316");
INSERT INTO product VALUES("Secnidazole - SECTOP PACK ( Pharmanova )","","4.00","1.84","1.84","30","99","1","5","SKU1317","2023-02-01","2024-02-01","100","317");
INSERT INTO product VALUES("FLUCONAZOLE TEVA PACK 150MG","","9.00","6.50","6.50","30","100","1","5","SKU1318","2023-09-01","2024-02-01","100","318");
INSERT INTO product VALUES("NEFLUCON FLUCONAZOLE  150MG","","5.00","2.49","2.49","30","100","1","10","SKU1319","2024-06-01","2024-02-01","150","319");
INSERT INTO product VALUES("FLUCONAZOLE 150MG LUEX - MYCOSTAT","","7.00","5.00","5.00","30","100","1","10","SKU1320","2024-04-01","2024-02-01","100","320");
INSERT INTO product VALUES("FLUCORON Fluconazole cap 150mg","FLUCORON","3.00","1.98","1.98","30","100","1","15","SKU1321","2022-10-12","2024-02-01","1","321");
INSERT INTO product VALUES("GRISEOFULVIN 500 TAB - MYCOVIN 500","","7.00","5.20","5.20","30","100","1","15","SKU1322","2024-08-01","2024-02-01","10","322");
INSERT INTO product VALUES("TOTHEMA  per AMPOULE","","3.40","2.50","2.50","30","100","1","20","SKU1323","2023-05-01","2024-02-01","1","323");
INSERT INTO product VALUES("IV NORMAL SALINE 500ml","SHOP","6.00","4.65","4.65","30","100","1","5","SKU1324","2023-02-01","2024-02-01","500","324");
INSERT INTO product VALUES("IV RINGERS LACTATE 500ML - SHOP","","6.00","4.67","4.67","30","100","1","5","SKU1325","2023-01-01","2024-02-01","500","325");
INSERT INTO product VALUES("DNS 500ML","SHOP","6.00","4.70","4.70","30","100","1","5","SKU1326","2024-01-01","2024-02-01","500","326");
INSERT INTO product VALUES("IV DEXTROSE 500ml","SHOP","6.00","4.67","4.67","30","100","1","5","SKU1327","2023-02-01","2024-02-01","500","327");
INSERT INTO product VALUES("COTTON PIECES","","1.00","1.00","1.00","30","100","1","5","SKU1328","2023-01-01","2024-02-01","1","328");
INSERT INTO product VALUES("COTTON ZIGZAG PACK","","6.00","3.90","3.90","30","100","1","1","SKU1329","2024-01-01","2024-02-01","1","329");
INSERT INTO product VALUES("MAN UP CAPSULES","","150.00","110.00","110.00","30","44","1","1","SKU1330","2024-02-01","2024-02-01","1","330");
INSERT INTO product VALUES("ACICLOVIR UK  per STRIP- ACCORD","","6.00","4.30","4.30","30","100","1","2","SKU1331","2023-10-01","2024-02-01","100","331");
INSERT INTO product VALUES("Carvedilol 6.25mg Pack - EXETER","","15.00","10.80","10.80","30","100","1","3","SKU1332","2023-12-01","2024-02-01","1","332");
INSERT INTO product VALUES("CARVEDILOL12.5mg PACK","EXETER","15.00","10.27","10.27","30","99","1","3","SKU1333","2022-10-01","2024-02-01","1","333");
INSERT INTO product VALUES("FUROSEMIDE FUMERATE 40MG","","12.00","8.79","8.79","30","94","1","2","SKU1334","2024-01-01","2024-02-01","1","334");
INSERT INTO product VALUES("AMLODIPINE 10mg TEVA PACK","","12.00","7.87","7.87","30","99","1","4","SKU1335","2026-02-01","2024-02-01","1","335");
INSERT INTO product VALUES("FENTANYL INJ / AMPOULE","","30.00","25.00","25.00","28","100","1","10","SKU1336","2024-01-01","2024-02-01","2ML","336");
INSERT INTO product VALUES("STOPKOF DRY COUGH SYRUP","","10.00","6.98","6.98","26","100","1","1","SKU1337","2023-04-01","2024-02-01","1","337");
INSERT INTO product VALUES("MORPHINE INJ  /  AMPOULE","","19.00","14.00","14.00","28","100","1","2","SKU1338","2023-08-08","2024-02-01","1ML","338");
INSERT INTO product VALUES("NALOXONE INJ / AMPOULE","","48.00","35.00","35.00","28","100","1","9","SKU1339","2023-02-01","2024-02-01","1ML","339");
INSERT INTO product VALUES("TESTOSTERONE 250MG INJ -  SUSTAVIRON","","100.00","75.00","75.00","28","100","1","6","SKU1340","2023-11-01","2024-02-01","1ML","340");
INSERT INTO product VALUES("MACAINE PER AMPOULE - BUPIVACAINE HYDROCHLORIDE INJ / AMP","","30.00","25.00","25.00","28","100","1","10","SKU1341","2023-03-01","2024-02-01","2ML","341");
INSERT INTO product VALUES("ASMANOL TABLETS","","1.00","0.24","0.24","25","100","1","6","SKU1342","2023-05-02","2024-02-01","4TABS","342");
INSERT INTO product VALUES("ASMADRINE TABLETS","","1.00","0.60","0.60","25","100","1","10","SKU1343","2026-05-01","2024-02-01","4TABS","343");
INSERT INTO product VALUES("BENDRO 2.5MG - EXETER","","9.00","6.65","6.65","25","100","1","1","SKU1344","2025-02-01","2024-02-01","28TABS","344");
INSERT INTO product VALUES("AMLODIPINE 5mG TEVA PACK","","10.00","5.90","5.90","30","100","1","4","SKU1345","2023-01-01","2024-02-01","1","345");
INSERT INTO product VALUES("WHITFIELD OINTMENT","","8.50","6.25","6.25","25","100","1","1","SKU1346","2024-02-01","2024-02-01","84TABS","347");
INSERT INTO product VALUES("LIDOCAINE per VAIL","","5.00","3.00","3.00","30","100","1","15","SKU1347","2023-03-01","2024-02-01","1","348");
INSERT INTO product VALUES("AMLODIPINE  10MG Pharmanova - AMLONOVA 10","","8.00","4.38","4.38","30","100","1","5","SKU1348","2024-01-10","2024-02-01","1","349");
INSERT INTO product VALUES("BICALUTAMIDE 50MG - TEVA","","70.00","50.00","50.00","25","100","1","10","SKU1347","2023-03-01","2024-02-01","28TABS","350");
INSERT INTO product VALUES("BICALUTAMIDE  50MG -  RELON CHEM","","70.00","51.71","51.71","25","100","1","2","SKU1349","2023-04-01","2024-02-01","28TABS","351");
INSERT INTO product VALUES("SOLUBLE ASPIRIN per BLISTER","10s","1.00","0.65","0.65","30","99","1","0","SKU1349","2023-08-01","2024-02-01","1","352");
INSERT INTO product VALUES("100s SOLUBLE ASPIRIN 75MG per Blister","25s","4.00","4.00","3.00","30","235","1","0","SKU1350","2023-02-22","2023-01-22","1","353");
INSERT INTO product VALUES("BICALUTAMIDE 150MG- TEVA / ACCORD","","148.00","92.00","92.00","25","94","1","5","SKU1350","2023-03-01","2024-02-01","28TABS","354");
INSERT INTO product VALUES("ASPIRIN CARDIO per STRIP - BAYERN","","7.00","5.00","5.00","30","99","1","2","SKU1351","2023-05-06","2024-02-01","1","355");
INSERT INTO product VALUES("CLOPIDOGREL 75MG EXETER","","20.00","14.99","14.99","30","100","1","3","SKU1352","2023-09-01","2024-02-01","1","356");
INSERT INTO product VALUES("LOSARTAN POTASSIUM 50mg - TEVA PACK","","22.00","16.09","16.09","30","100","1","3","SKU1353","2022-09-01","2024-02-01","1","357");
INSERT INTO product VALUES("LOSARTAN POTASSIUM  25MG - TEVA PACK","","20.00","14.20","14.20","30","99","1","2","SKU1354","2023-02-01","2024-02-01","1","358");
INSERT INTO product VALUES("LOSARTAN POTASSIUM  100MG - TEVA PACK","","28.00","20.79","20.79","30","100","1","4","SKU1355","2023-02-01","2024-02-01","1","359");
INSERT INTO product VALUES("ATENOLOL 5MG ECL","","3.00","1.98","1.98","30","80","1","5","SKU1356","2023-02-01","2024-02-01","1","360");
INSERT INTO product VALUES("BENDRO 5MG - PHARMANOVA","","4.00","2.10","2.10","25","88","1","8","SKU1351","2024-04-01","2024-02-01","28TABS","361");
INSERT INTO product VALUES("Lisinopril 5mg Pharmanova - LISINOVA","","6.00","3.94","3.94","30","99","1","5","SKU1357","2024-06-01","2024-02-01","1","362");
INSERT INTO product VALUES("LISINOPRIL + HTZ -  PHARMANOVA","","25.00","18.80","18.80","30","100","1","1","SKU1358","2023-01-01","2024-02-01","1","363");
INSERT INTO product VALUES("LISINOPRIL 10MG - CRESCENT","","16.00","10.00","10.00","30","99","1","4","SKU1359","2024-08-01","2024-02-01","1","364");
INSERT INTO product VALUES("Lisinopril10mg Pharmanova - LISINONOVA 10","","6.00","4.47","4.47","30","93","1","4","SKU1360","2024-01-01","2024-02-01","1","365");
INSERT INTO product VALUES("LOSARTAN POTASSIUM 50 - LOSAT 50 ( Pharmanova )","","8.00","5.71","5.71","30","100","1","4","SKU1361","2023-08-01","2024-02-01","1","366");
INSERT INTO product VALUES("BISOPROLOL FUMARATE 10MG","","9.00","6.39","6.39","25","100","1","1","SKU1357","2025-04-02","2024-02-01","28TABS","367");
INSERT INTO product VALUES("LOSAR DENK 100  per PACK","","37.00","27.00","27.00","30","95","1","3","SKU1363","2022-08-01","2024-02-01","1","368");
INSERT INTO product VALUES("LOSAR DENK 50 per PACK","","25.00","16.30","16.30","30","100","1","3","SKU1364","2023-03-01","2024-02-01","1","369");
INSERT INTO product VALUES("ALLOPURINOL100MG - CRESENT","","15.00","9.30","9.30","25","99","1","2","SKU1364","2023-01-01","2024-02-01","28TABS","370");
INSERT INTO product VALUES("COLOSARDENK 50/12.50 PACK","","48.00","34.00","34.00","30","99","1","3","SKU1365","2024-11-01","2024-02-01","1","371");
INSERT INTO product VALUES("DICLO DENK 100MG / TAB - DICLODENK","","1.50","1.04","1.04","25","100","1","7","SKU1365","2023-10-01","2024-02-01","10TABS /ST","372");
INSERT INTO product VALUES("NIFEDIDENK 20 RET. per STRIP - DENK","","7.00","4.43","4.43","30","99","1","5","SKU1366","2024-02-01","2024-02-01","10s","373");
INSERT INTO product VALUES("CIPRO DENK 500MG-  CIPRODENK 500","","40.00","29.20","29.20","25","100","1","7","SKU1366","2023-06-01","2024-02-01","10TABS","374");
INSERT INTO product VALUES("NIFECARD XL  PACK","","36.00","25.56","25.56","30","100","1","2","SKU1368","2024-01-01","2024-02-01","35","375");
INSERT INTO product VALUES("METFORMIN DENK 500MG / STRIP","","6.00","4.43","4.43","25","97","1","7","SKU1368","2023-01-20","2024-02-01","10TABS / S","376");
INSERT INTO product VALUES("ENAFIX SUSPENSION- Cefixime","","26.00","19.18","19.18","30","99","1","0","SKU1369","2024-10-01","2024-02-01","10s","377");
INSERT INTO product VALUES("METHYLDOPA 250MG","","6.00","4.00","4.00","25","96","1","2","SKU1369","2023-05-01","2024-02-01","10TABS / S","378");
INSERT INTO product VALUES("EVENING PRIMOSE ZANZA","","20.00","13.50","13.50","30","98","1","0","SKU1370","2024-01-01","2024-02-01","28s","379");
INSERT INTO product VALUES("CARBAMAZIPINE 200MG-ALL","","4.50","3.00","3.00","25","99","1","10","SKU1370","2023-11-01","2024-02-01","10TABS / S","380");
INSERT INTO product VALUES("GLIBENCLAMIDE 5MG /STRIP - GLIBENIL","","1.00","0.49","0.49","25","100","1","10","SKU1371","2025-05-01","2024-02-01","10TABS / S","381");
INSERT INTO product VALUES("ZYFEN SYRUP","","26.00","19.00","19.00","30","97","1","0","SKU1371","2023-03-01","2024-02-01","28s","382");
INSERT INTO product VALUES("GLIMEPRIDE 2MG/ STRIP - GLIMPER PHARMANOVA","","5.00","3.51","3.51","25","99","1","10","SKU1372","2023-02-01","2024-02-01","10TABS / S","383");
INSERT INTO product VALUES("GLIMEPRIDE 4MG/ STRIP - GLIMPER PHARMANOVA","","7.50","5.50","5.50","25","100","1","10","SKU1373","2022-12-01","2024-02-01","10TABS / S","384");
INSERT INTO product VALUES("AMITRIPTYLINE PACK ECL","","5.00","3.00","3.00","30","100","1","5","SKU1372","2023-05-01","2024-02-01","20s","385");
INSERT INTO product VALUES("METFORMINE 500MG / STRIP","ECL","1.50","0.60","0.60","25","100","1","8","SKU1374","2025-12-01","2024-02-01","10TABS / S","386");
INSERT INTO product VALUES("PROPOFOL IV","","38.00","28.00","28.00","30","108","1","10","SKU1374","2023-04-01","2024-02-01","1","387");
INSERT INTO product VALUES("VECURINIUM","","48.00","35.00","35.00","30","100","1","1","SKU1375","2023-02-01","2024-02-01","1","388");
INSERT INTO product VALUES("IV OMEPRAZOLE INFUSION - LAVID C","","10.00","7.50","7.50","29","100","1","10","SKU1375","2023-04-01","2023-03-01","2ML","389");
INSERT INTO product VALUES("ADRENALIN IV","","4.00","3.00","3.00","30","84","1","2","SKU1377","2025-08-01","2024-02-01","1AMP","390");
INSERT INTO product VALUES("GENTAMYCIN IV - PER AMPOULE","","2.00","0.50","0.50","30","100","1","10","SKU1378","2023-02-01","2024-02-01","1 AMP","391");
INSERT INTO product VALUES("HYDROCORTISONE IV - INFUSION","","5.00","3.32","3.32","30","100","1","4","SKU1379","2023-02-01","2024-02-01","1 AMP","392");
INSERT INTO product VALUES("CEFTRIAXONE  TROGE 1G / VIAL","","6.00","4.00","4.00","29","100","1","10","SKU1380","2023-07-01","2024-02-01","10ML","393");
INSERT INTO product VALUES("CEFTRIAXONE  TROGE WITH AQUA 1G / VIAL","","8.00","4.00","4.00","29","100","1","10","SKU1381","2024-03-01","2024-02-01","10ML","394");
INSERT INTO product VALUES("ALKA 5 SYRUP","","40.00","30.00","30.00","30","100","1","2","SKU1380","2024-01-01","2024-02-01","1BTL","395");
INSERT INTO product VALUES("SALBUTAMOL INHALER","","21.00","14.98","14.98","30","100","1","1","SKU1382","2024-03-01","2024-02-01","1 PACK","396");
INSERT INTO product VALUES("CEFTRIAXONE 1G NOVAZONE IV  - PHARMANOVA","","15.00","9.80","9.80","29","100","1","0","SKU1382","2023-10-01","2024-02-01","10ML","397");
INSERT INTO product VALUES("VENTOLIN INHALER","","38.00","34.72","34.72","30","100","1","2","SKU1383","2022-09-01","2024-02-01","1 PACK","398");
INSERT INTO product VALUES("SYMBICORT","","65.00","62.40","62.40","30","100","1","1","SKU1384","2023-03-01","2024-02-01","1 PACK","399");
INSERT INTO product VALUES("IV CEFUROXIME  750MG / VIAL","","7.00","4.16","4.16","29","100","1","3","SKU1383","2026-03-01","2024-02-01","10ML","400");
INSERT INTO product VALUES("IV CIPROFLOXACIN  IV Bottle","ALL","5.00","2.63","2.63","30","100","1","2","SKU1385","2023-06-01","2024-02-01","1 BTL","401");
INSERT INTO product VALUES("PARA FOR INJECTION PARA IV ALL","","20.00","12.50","12.50","30","100","1","3","SKU1386","2023-05-01","2024-02-01","1 BTL","402");
INSERT INTO product VALUES("METEOCLOPROMIDE  INJ / AMP 10GM - EXETER","","3.00","2.00","2.00","28","100","1","3","SKU1385","2022-08-01","2024-02-01","2ML","403");
INSERT INTO product VALUES("METRONIDAZOLE FOR INJECTION - METRO IV","","5.00","2.40","2.40","30","100","1","2","SKU1387","2023-10-01","2024-02-01","1BTL","404");
INSERT INTO product VALUES("BUSCOPAN INJ 10MG / AMP","LAXOPAN","5.00","2.50","2.50","28","100","1","8","SKU1387","2022-10-01","2024-02-01","1ML","405");
INSERT INTO product VALUES("VAGINAX or GOGYNAX CREAM","","6.00","3.78","3.78","30","100","1","8","SKU1388","2023-03-01","2024-02-01","1 TUBE","406");
INSERT INTO product VALUES("CLOTRIMAZOLE CREAM - Pharmanova","","5.00","2.85","2.85","30","100","1","5","SKU1389","2023-02-01","2024-02-01","1 TUBE","407");
INSERT INTO product VALUES("BIOPENTIN  PER STRIP","","18.00","18.00","18.00","30","100","1","0","SKU1390","2023-08-01","2024-02-01","1 PACK","408");
INSERT INTO product VALUES("GYNO DAKTARIN PESSARIES","","35.00","32.66","32.66","30","100","1","2","SKU1391","2023-10-01","2024-02-01","1 PACK","409");
INSERT INTO product VALUES("INFA V PESSARIES","","27.00","19.00","19.00","30","100","1","2","SKU1392","2023-03-01","2024-02-01","1 PACK","410");
INSERT INTO product VALUES("VAGINAX PESSARIES","","7.00","4.00","4.00","30","100","1","5","SKU1393","2023-08-01","2024-02-01","1 PACK","411");
INSERT INTO product VALUES("WELLWOMAN +PLUS DUAL PACK","","120.00","85.00","85.00","30","100","1","1","SKU1394","2023-03-01","2024-02-01","1 PACK","412");
INSERT INTO product VALUES("EVECARE SYRUP 200ML","","38.00","28.41","28.41","30","100","1","1","SKU1395","2024-04-01","2024-02-01","1 PACK","413");
INSERT INTO product VALUES("LAVESTEN C PESSARIES","","15.00","9.98","9.98","30","100","1","5","SKU1396","2023-01-01","2024-02-01","1 PACK","414");
INSERT INTO product VALUES("GYNOMYCOLEX PESSARIES LUEX","","24.00","17.90","17.90","30","100","1","6","SKU1397","2023-03-01","2024-02-01","1 PACK","415");
INSERT INTO product VALUES("MYCOLEX CREAM - LUEX","","20.00","15.00","15.00","30","100","1","4","SKU1398","2024-01-01","2024-02-01","1 PACK","416");
INSERT INTO product VALUES("IV CLINDAMYCIN  150MG per AMP","","18.00","13.00","13.00","28","100","1","2","SKU1388","2023-02-01","2024-02-01","1ML","417");
INSERT INTO product VALUES("POLYGNAX PESSARIES per STRIP","","39.00","29.00","29.00","30","100","1","2","SKU1399","2023-05-01","2024-02-01","1 PACK","418");
INSERT INTO product VALUES("KETAZOL CREAM","","10.00","5.20","5.20","30","100","1","2","SKU1400","2023-01-16","2024-02-01","SHALINA","419");
INSERT INTO product VALUES("EPHEDRINE IV 30MG  / AMP","","27.00","20.00","20.00","28","100","1","4","SKU1399","2023-05-01","2024-02-01","2ML","420");
INSERT INTO product VALUES("DREZ V Gel","","23.00","16.75","16.75","30","100","1","4","SKU1401","2022-11-01","2024-02-01","1 PACK","421");
INSERT INTO product VALUES("CAMEL ANTISEPTIC 250ML","","18.00","12.32","12.32","30","100","1","1","SKU1402","2024-09-01","2024-02-01","1 PACK","422");
INSERT INTO product VALUES("DICLOFENAC  INJ 75MG / AMPOULE - TROGE","","1.50","0.35","0.35","28","99","1","7","SKU1401","2022-11-01","2024-02-01","2ML","423");
INSERT INTO product VALUES("TAB CLAVUNOVA 625mg","","24.00","18.04","18.04","25","100","1","1","SKU1403","2023-10-01","2024-02-01","10ML","425");
INSERT INTO product VALUES("HYDROCORTISONE CREAM 30g - EXETER","","24.00","14.54","14.54","30","100","1","5","SKU1404","2023-02-01","2024-02-01","1 TUBE","426");
INSERT INTO product VALUES("ITRACONAZOLE CAPS per CAPSULE","","3.00","2.12","2.12","29","100","1","5","SKU1404","2023-10-01","2024-02-01","10ML","427");
INSERT INTO product VALUES("SALBUTAMOL TABLETS 4MG","","1.00","0.32","0.32","25","99","1","10","SKU1405","2023-02-01","2024-02-01","10TABS / S","428");
INSERT INTO product VALUES("ARABA BA ZHEN  TAB","","27.00","20.00","20.00","30","100","1","3","SKU1405","2023-03-01","2024-02-01","20s","429");
INSERT INTO product VALUES("SALBUTAMOL SYRUP","ECL","7.00","4.98","4.98","26","100","1","4","SKU1406","2024-05-01","2024-02-01","200","430");
INSERT INTO product VALUES("DINAT CAPS","","21.00","16.00","16.00","30","100","1","3","SKU1406","2024-01-01","2024-02-01","30s","431");
INSERT INTO product VALUES("RAPINOL TABLETS","","0.80","0.43","0.43","30","100","1","15","SKU1407","2023-10-01","2024-02-01","1s","432");
INSERT INTO product VALUES("DIAZEPAM 5-10MG TAB / STRIP","","1.00","0.40","0.40","25","100","1","9","SKU1407","2024-02-01","2024-02-01","10TABS / S","433");
INSERT INTO product VALUES("PAIN OFF TABLET","","0.80","0.36","0.36","30","100","1","15","SKU1408","2026-01-01","2024-02-01","1s","434");
INSERT INTO product VALUES("DEXAMETHACIN TAB -  DEXONE TABLETS","","3.00","1.21","1.21","30","100","1","5","SKU1409","2023-01-02","2024-02-01","1 PACK","436");
INSERT INTO product VALUES("ZUDREX PACK","","4.50","3.15","3.15","30","100","1","3","SKU1410","2023-02-01","2024-02-01","1 PACK","437");
INSERT INTO product VALUES("DICLO SUPP 100MG / STRIP - LAVINAC","","6.00","4.30","4.30","27","100","1","9","SKU1409","2023-01-01","2024-02-01","5","438");
INSERT INTO product VALUES("ESKADOL NYTE - ESKAY","","3.00","1.80","1.80","30","100","1","5","SKU1411","2024-03-01","2024-02-01","1 PACK","439");
INSERT INTO product VALUES("CLODIFEN SUPP - PACK","","18.00","12.98","12.98","27","100","1","0","SKU1411","2024-07-01","2024-02-01","6","440");
INSERT INTO product VALUES("GEBEDOL FORTE","","2.50","1.60","1.60","30","100","1","12","SKU1412","2023-08-01","2024-02-01","1 PACK","441");
INSERT INTO product VALUES("PIROXICAM  CAPS Blister - LETACAM","","1.00","0.61","0.61","30","100","1","8","SKU1413","2023-11-01","2024-02-01","1s","442");
INSERT INTO product VALUES("PARAFENAC TABLET","","2.00","1.30","1.30","30","100","1","15","SKU1414","2023-01-01","2024-02-01","1 PACK","443");
INSERT INTO product VALUES("PELADOL EXTRA","","3.00","1.00","1.00","30","100","1","10","SKU1415","2023-12-01","2024-02-01","1 STRIP","444");
INSERT INTO product VALUES("ALLU DRUGS","","1.00","0.55","0.55","30","100","1","10","SKU1416","2024-01-01","2024-02-01","1s","445");
INSERT INTO product VALUES("PARA SUPP 250 per SUPP - SUPOFEN EXETER","","1.20","0.80","0.80","30","100","1","6","SKU1417","2025-05-01","2024-02-01","1s","446");
INSERT INTO product VALUES("GEBEDOL PLAIN","","2.50","1.74","1.74","30","100","1","6","SKU1418","2024-04-01","2024-02-01","1 PACK","447");
INSERT INTO product VALUES("GEBEDOL EXTRA","","3.00","2.10","2.10","30","100","1","5","SKU1419","2023-01-02","2024-02-01","1 PACK","448");
INSERT INTO product VALUES("WELLWOMAN MAX 84s","","200.00","144.30","144.30","30","100","1","1","SKU1420","2024-02-01","2024-02-01","1s","449");
INSERT INTO product VALUES("LOFNAC 100 TABLET","","2.50","1.48","1.48","30","98","1","10","SKU1421","2023-09-01","2024-02-01","1 PACK","450");
INSERT INTO product VALUES("LOFNAC 50 TABLET","","1.50","1.00","1.00","30","100","1","14","SKU1422","2022-12-01","2024-02-01","1 PACK","451");
INSERT INTO product VALUES("Diclofenac tab 50mg","","1.50","0.90","0.90","30","99","1","10","SKU1423","2024-01-02","2024-02-01","1 PACK","452");
INSERT INTO product VALUES("DICLOFENAC  TAB 100mg  per BLISTER - exeter","","3.00","1.30","1.30","30","100","1","1","SKU1424","2023-07-01","2024-02-01","1PK","453");
INSERT INTO product VALUES("DOLOPINE TAB PACK ECL","","4.00","2.89","2.89","30","100","1","7","SKU1425","2024-08-08","2024-02-01","1s","454");
INSERT INTO product VALUES("DICLOFENAC FORTE ECL","","3.00","1.98","1.98","30","100","1","2","SKU1426","2022-11-01","2024-02-01","1PK","455");
INSERT INTO product VALUES("ORS HYDOLYTE ALL","","1.00","0.54","0.54","30","100","1","30","SKU1427","2024-02-01","2024-02-01","1s","456");
INSERT INTO product VALUES("EYECOPEN CAPS per STRIP","","8.50","6.10","6.10","30","100","1","2","SKU1428","2023-10-01","2024-02-01","1s","457");
INSERT INTO product VALUES("VITAMINE B CO STRONG Blister","BCO STRONG","4.00","1.42","1.42","30","100","1","0","SKU1429","2024-12-01","2024-02-01","1s","458");
INSERT INTO product VALUES("TRANEXAMIC TAB per TAB- EXETER","","2.00","1.50","1.50","30","100","1","30","SKU1430","2024-08-01","2024-02-01","1TAB","459");
INSERT INTO product VALUES("NAT B CAPS PACK","","69.00","50.68","50.68","30","100","1","1","SKU1431","2023-05-01","2024-02-01","1 PACK","460");
INSERT INTO product VALUES("PROMAN ORIGINAL","","50.00","31.97","31.97","30","99","1","2","SKU1432","2023-01-01","2024-02-01","1 PACK","461");
INSERT INTO product VALUES("PROMAN 50+  CAPS","","40.00","33.98","33.98","30","100","1","2","SKU1433","2022-06-02","2024-02-01","1 PACK","462");
INSERT INTO product VALUES("PROWOMAN ORIGNAL CAPS","","58.00","40.93","40.93","30","100","1","2","SKU1434","2024-04-01","2024-02-01","1PACK","463");
INSERT INTO product VALUES("5CC SYRINGE & NEEDLE","","0.50","0.32","0.32","30","295","1","0","SKU1412","2023-06-01","2023-05-01","5ML","464");
INSERT INTO product VALUES("AQUA FOR INJ","","1.00","0.50","0.50","30","100","1","9","SKU1435","2023-02-01","2024-02-01","10ML","465");
INSERT INTO product VALUES("Prowoman  50+ Capsules - EXETER","","55.00","40.98","40.98","30","100","1","2","SKU1435","2023-11-01","2024-02-01","1PACK","466");
INSERT INTO product VALUES("GIVING SET","","1.50","1.00","1.00","30","100","1","9","SKU1436","2024-10-01","2024-02-01","10","467");
INSERT INTO product VALUES("MARTINS LIVER SALT","","1.00","0.46","0.46","30","100","1","10","SKU1436","2023-02-01","2024-02-01","1s","468");
INSERT INTO product VALUES("ABIDEC multi DROPS","ABIDEC multi DROPS","75.00","57.00","57.00","30","1000","1","90","SKU1437","2023-07-01","2023-05-31","1s","469");
INSERT INTO product VALUES("CANULA  ALL COLORS","","1.50","1.00","1.00","30","100","1","8","SKU1437","2024-02-01","2024-02-01","2","470");
INSERT INTO product VALUES("AKUMADADA","","1.00","0.60","0.60","30","100","1","5","SKU1438","2024-01-02","2024-02-01","1","471");
INSERT INTO product VALUES("NO 10 LIVER SALT ALL","NO10","1.00","0.48","0.48","30","100","1","25","SKU1438","2023-01-01","2024-02-01","1s","472");
INSERT INTO product VALUES("MALARIA RDT Kit","","5.00","3.60","3.60","30","100","1","0","SKU1439","2024-04-01","2024-02-01","1s","473");
INSERT INTO product VALUES("SOLUBLE VIT C +  ALL BRANDS","","26.00","19.98","19.98","30","100","1","2","SKU1439","2024-03-01","2024-02-01","20 IN A TU","474");
INSERT INTO product VALUES("DUREX CONDOM","","11.00","7.50","7.50","30","100","1","9","SKU1440","2023-10-01","2024-02-01","3 PIECE","475");
INSERT INTO product VALUES("MALARIA TEST Kit - ONE STEP RDT","","7.00","4.37","4.37","30","100","1","10","SKU1440","2024-01-01","2024-02-01","1s","476");
INSERT INTO product VALUES("FIESTA CONDOM","","4.00","2.80","2.80","30","100","1","9","SKU1441","2024-01-01","2024-02-01","3","477");
INSERT INTO product VALUES("MOODS CONDOM","","5.00","2.80","2.80","30","100","1","8","SKU1442","2023-07-01","2024-02-01","3","478");
INSERT INTO product VALUES("KISS CONDOM","","3.00","1.46","1.46","30","100","1","9","SKU1443","2023-01-01","2024-02-01","30","479");
INSERT INTO product VALUES("MASCULAN LUBRICANT 70ML","","27.00","18.50","18.50","30","100","1","5","SKU1444","2023-10-01","2024-02-01","75ML","480");
INSERT INTO product VALUES("FIESTA  / MASCULIN LUBRICANT 40ML","","20.00","15.00","15.00","30","100","1","5","SKU1445","2023-01-01","2024-02-01","40","481");
INSERT INTO product VALUES("SISTER INTIMATE WASH","","15.00","11.00","11.00","30","100","1","5","SKU1446","2023-02-01","2024-02-01","20","482");
INSERT INTO product VALUES("MEDISOFT REPELLANT","","6.00","4.55","4.55","30","100","1","3","SKU1447","2023-06-01","2024-02-01","20","483");
INSERT INTO product VALUES("AZILEX SUSPENSION - LUEX","","17.00","12.00","12.00","30","100","1","1","SKU1448","2023-08-01","2024-02-01","250ML","484");
INSERT INTO product VALUES("SAVLON ANTISEP 500ML","","32.00","23.10","23.10","30","100","1","0","SKU1449","2025-03-01","2024-02-01","500","485");
INSERT INTO product VALUES("SECURE PILLS per Blister","","1.50","1.16","1.16","30","100","1","20","SKU1448","2023-04-01","2024-02-01","1s","486");
INSERT INTO product VALUES("SAVLON ANTISEPTIC 250ML","","21.00","15.52","15.52","30","100","1","1","SKU1450","2025-09-01","2024-02-01","250ML","487");
INSERT INTO product VALUES("UPT CASSETTE HCG","","5.00","3.30","3.30","30","100","1","15","SKU1450","2023-08-01","2024-02-01","1s","488");
INSERT INTO product VALUES("SHALTOUX LOZENGES","","1.00","0.70","0.70","30","100","1","9","SKU1451","2024-02-01","2024-02-01","200","489");
INSERT INTO product VALUES("LUEX INHALER / ONE","","5.50","4.00","4.00","30","100","1","5","SKU1452","2023-03-01","2024-02-01","1","490");
INSERT INTO product VALUES("LAVINAC DICLOFENAC  gel","LAVINAC","5.00","2.85","2.85","30","100","1","5","SKU1451","2023-11-01","2024-02-01","1s","491");
INSERT INTO product VALUES("CATACOLD CAPS","","5.00","3.10","3.10","30","100","1","1","SKU1453","2024-08-01","2024-02-01","1","492");
INSERT INTO product VALUES("LOFNAC GEL Tube","","7.50","5.44","5.44","30","100","1","2","SKU1454","2023-01-01","2024-02-01","1TUBE","493");
INSERT INTO product VALUES("CITRO C","A EFAH","2.00","1.40","1.40","30","100","1","10","SKU1454","2023-01-01","2024-02-01","10TABS / S","494");
INSERT INTO product VALUES("ZUBES LOZENGES","","1.00","0.70","0.70","30","100","1","10","SKU1455","2023-06-01","2024-02-01","4","495");
INSERT INTO product VALUES("PINPAC GEL  30g","","5.00","3.63","3.63","30","100","1","4","SKU1455","2023-08-01","2024-02-01","1s","496");
INSERT INTO product VALUES("WOODS SYRUP","","1.00","0.63","0.63","30","100","1","8","SKU1456","2025-01-01","2024-02-01","10ML","497");
INSERT INTO product VALUES("MENTHOX LOZENGES","","1.00","0.51","0.51","30","100","1","8","SKU1457","2024-06-01","2024-02-01","4","498");
INSERT INTO product VALUES("CIPROLEX EYE OINTMENT - LUEX","","14.00","10.00","10.00","30","100","1","1","SKU1456","2023-05-01","2024-02-01","1s","499");
INSERT INTO product VALUES("DICLOFENAC GEL 30G DICLONOVA GEL","","5.00","1.66","1.66","30","100","1","5","SKU1458","2022-10-01","2024-02-01","1s","500");
INSERT INTO product VALUES("MIXTAB","","1.30","0.72","0.72","30","100","1","5","SKU1458","2025-01-01","2024-02-01","4","501");
INSERT INTO product VALUES("KWIK ACTION","","1.00","0.68","0.68","30","100","1","6","SKU1459","2023-08-01","2024-02-01","4","502");
INSERT INTO product VALUES("MYCOLEX 3 CREAM 30g","","20.00","15.00","15.00","30","100","1","1","SKU1459","2022-10-01","2024-02-01","1s","503");
INSERT INTO product VALUES("EFPAC TABLETS","A EFAH","2.00","1.22","1.22","30","100","1","10","SKU1460","2024-04-01","2024-02-01","10TABS / S","504");
INSERT INTO product VALUES("SURFAZ CREAM","","15.00","11.04","11.04","30","100","1","0","SKU1460","2022-07-01","2024-02-01","1 TUBE","505");
INSERT INTO product VALUES("OTRIVIN CHILD DROPS","","17.00","16.39","16.39","30","100","1","10","SKU1461","2022-06-01","2024-02-01","1","506");
INSERT INTO product VALUES("DEMACOT CREAM 15g","","15.00","11.00","11.00","30","100","1","5","SKU1461","2025-10-01","2024-02-01","1TUBE","507");
INSERT INTO product VALUES("OTRIVIN ADULT Drops","","26.00","18.98","18.98","30","100","1","1","SKU1462","2023-06-01","2024-02-01","1","508");
INSERT INTO product VALUES("KLOF GEL 30 gram","","7.00","3.50","3.50","30","97","1","5","SKU1462","2023-08-01","2024-02-01","1s","509");
INSERT INTO product VALUES("MAJOR NASAL DROP","","12.00","8.50","8.50","30","100","1","1","SKU1463","2025-10-01","2024-02-01","1","510");
INSERT INTO product VALUES("NEOHYCOLEX DROPS","LUEX","20.00","15.00","15.00","30","100","1","3","SKU1464","2022-08-01","2024-02-01","1","511");
INSERT INTO product VALUES("EPICROM DROPS 2%","","22.00","16.00","16.00","30","100","1","4","SKU1465","2024-04-01","2024-02-01","1","512");
INSERT INTO product VALUES("FUNCBACT A CREAM 30g","ENTRANCE","10.00","7.00","7.00","30","100","1","7","SKU1463","2023-06-01","2024-02-01","1s","513");
INSERT INTO product VALUES("SALINE NASAL DROPS","","6.00","3.00","3.00","30","100","1","2","SKU1466","2023-02-01","2024-02-01","1","514");
INSERT INTO product VALUES("LADINAS TABLETS","","6.00","4.50","4.50","30","100","1","5","SKU1466","2023-03-01","2024-02-01","1s","515");
INSERT INTO product VALUES("ARTIFICIAL TEARS DROPS","","26.00","19.00","19.00","30","100","1","5","SKU1467","2022-10-01","2024-02-01","1","516");
INSERT INTO product VALUES("MENSTAK TABLET","","4.00","2.40","2.40","30","100","1","5","SKU1467","2024-06-01","2024-02-01","1s","517");
INSERT INTO product VALUES("LYDIA POST PILL","","10.00","7.62","7.62","30","100","1","5","SKU1468","2022-10-01","2024-02-01","1s","518");
INSERT INTO product VALUES("OLIVE OIL EAR DROPS","","12.00","8.59","8.59","30","100","1","0","SKU1468","2023-04-01","2024-02-01","1","519");
INSERT INTO product VALUES("EXCLOFEN-DICLOFENAC DROPS","","10.00","6.00","6.00","30","100","1","1","SKU1469","2024-07-01","2024-02-01","1","520");
INSERT INTO product VALUES("EXACROM DROPS","","14.00","10.38","10.38","30","100","1","5","SKU1470","2023-10-01","2024-02-01","1","521");
INSERT INTO product VALUES("CONTRA 72 PILLS","","5.00","2.38","2.38","30","100","1","10","SKU1470","2024-09-01","2024-02-01","1s","522");
INSERT INTO product VALUES("COOL EYES DROPS - ARTIFICIAL TEARS","","18.00","11.59","11.59","30","100","1","5","SKU1471","2023-10-01","2024-02-01","1","523");
INSERT INTO product VALUES("BRIONA / JOY / ALISON OINTMENT -  ALL","","6.00","4.00","4.00","30","96","1","5","SKU1471","2024-02-01","2024-02-01","1s","524");
INSERT INTO product VALUES("CIPROLEX DROPS-LUEX","","14.00","10.00","10.00","30","99","1","2","SKU1472","2023-09-01","2024-02-01","1","525");
INSERT INTO product VALUES("FRICKS HERBAL LOZENGES","","1.50","1.18","1.18","30","100","1","5","SKU1472","2023-01-20","2024-02-01","1s","526");
INSERT INTO product VALUES("EXCIPRO / EXCIPRO DEX DROPS - EXETER","","10.00","6.59","6.59","30","98","1","1","SKU1473","2022-12-01","2024-02-01","1","527");
INSERT INTO product VALUES("CALAMINE OINT","","8.00","5.69","5.69","30","100","1","3","SKU1473","2023-11-01","2024-02-01","1s","528");
INSERT INTO product VALUES("LANTANOPROST DROP - EXETER","","45.00","33.00","33.00","30","100","1","1","SKU1474","2022-10-01","2024-02-01","1","529");
INSERT INTO product VALUES("NOVACIP DROPS - CIPRO DROPS","","3.00","1.82","1.82","30","100","1","5","SKU1475","2022-11-01","2024-02-01","1","530");
INSERT INTO product VALUES("MEDULAC LACTULOSE 25OML","","42.00","29.80","29.80","30","100","1","0","SKU1476","2024-05-01","2024-02-01","1","531");
INSERT INTO product VALUES("MAXITROL OINTMENT -  OCC","","20.00","13.00","13.00","30","100","1","5","SKU1477","2023-01-01","2024-02-01","1","532");
INSERT INTO product VALUES("TIMOLOL EXETOMOL  DROP","","7.00","4.89","4.89","30","100","1","5","SKU1478","2024-01-01","2024-02-01","1","533");
INSERT INTO product VALUES("EPHEDRINE DROPS","","4.00","2.91","2.91","30","100","1","5","SKU1479","2023-10-01","2024-02-01","1","534");
INSERT INTO product VALUES("SUDOCREAM  60g","","27.00","20.17","20.17","30","100","1","1","SKU1478","2024-02-01","2024-02-01","1s","535");
INSERT INTO product VALUES("GENTAMICIN DROP","","5.00","3.11","3.11","30","100","1","5","SKU1480","2023-10-01","2024-02-01","1","536");
INSERT INTO product VALUES("SUDOCREAM 120g","","30.00","29.00","29.00","30","100","1","0","SKU1480","2023-09-01","2024-02-01","1s","537");
INSERT INTO product VALUES("POLAR ICE","","22.00","15.52","15.52","30","100","1","2","SKU1481","2024-11-01","2024-02-01","1s","538");
INSERT INTO product VALUES("VASELINE  BLUE SEAL 250g","","18.00","12.00","12.00","30","100","1","2","SKU1482","2023-04-01","2024-02-01","1s","539");
INSERT INTO product VALUES("PMF CREAM","","12.00","8.94","8.94","30","97","1","3","SKU1483","2023-12-01","2024-02-01","1s","540");
INSERT INTO product VALUES("DYKLO SPRAY","","75.00","55.00","55.00","30","100","1","1","SKU1484","2024-03-01","2024-02-01","1s","541");
INSERT INTO product VALUES("DREZ SOLUTION 30ml","","9.00","6.60","6.60","30","98","1","4","SKU1485","2024-01-01","2024-02-01","1s","542");
INSERT INTO product VALUES("DREZ OINTMENT 10g","","9.00","6.47","6.47","30","100","1","3","SKU1486","2024-01-01","2024-02-01","1s","543");
INSERT INTO product VALUES("DREZ OINTMENT 30g","ECL","15.00","10.07","10.07","30","100","1","3","SKU1487","2022-07-01","2024-02-01","1s","544");
INSERT INTO product VALUES("DREZ SOLUTION 100ML","","18.00","13.25","13.25","30","110","1","2","SKU1488","2022-07-01","2024-02-01","1s","545");
INSERT INTO product VALUES("GAUZE Bandage s/s","","1.00","0.60","0.60","30","100","1","20","SKU1489","2025-10-10","2024-02-01","1s","546");
INSERT INTO product VALUES("GAUZE BANDAGE L/S","","1.50","1.20","1.20","30","100","1","24","SKU1490","2025-05-01","2024-02-01","1s","547");
INSERT INTO product VALUES("REDSUN JELLY","","2.50","1.65","1.65","30","100","1","10","SKU1491","2023-10-02","2024-02-01","1s","548");
INSERT INTO product VALUES("BEBE FOOD SUPPLEMENT","","7.00","5.00","5.00","30","100","1","4","SKU1492","2024-01-02","2024-02-01","1s","549");
INSERT INTO product VALUES("BLUMOON TAB per PACK","","4.00","2.23","2.23","30","97","1","5","SKU1493","2023-05-01","2024-02-01","1PK","550");
INSERT INTO product VALUES("SILDENAFIL EXETER 50 /100MG per TAB","","2.50","1.30","1.30","30","100","1","17","SKU1494","2023-01-01","2024-02-01","1s","551");
INSERT INTO product VALUES("DRAGON TAB per TAB","","6.00","4.47","4.47","30","100","1","8","SKU1495","2023-11-01","2024-02-01","1s","552");
INSERT INTO product VALUES("MR Q SYRUP","","6.00","3.60","3.60","30","100","1","4","SKU1496","2024-02-01","2024-02-01","1s","553");
INSERT INTO product VALUES("ELASTIC BANDAGE 2'' S/S","","2.50","1.80","1.80","30","50","1","1","SKU1497","2023-11-02","2024-02-01","1s","554");
INSERT INTO product VALUES("LEVOTHYROXINE 50MG","","18.00","13.00","13.00","30","100","1","0","SKU1498","2023-07-01","2024-02-01","1PACK","555");
INSERT INTO product VALUES("EVALINA INTIMATE SPRAY","","20.00","13.00","13.00","30","80","1","2","SKU1499","2024-01-01","2024-02-01","1s","556");
INSERT INTO product VALUES("INFA V WASH 100ML","","23.00","16.00","16.00","30","100","1","2","SKU1500","2022-09-01","2024-02-01","1s","557");
INSERT INTO product VALUES("LAVET 10 ML","","25.00","17.29","17.29","30","100","1","2","SKU1501","2026-01-01","2024-02-01","1s","558");
INSERT INTO product VALUES("HILADY INTIMATE WASH","","23.00","17.25","17.25","30","100","1","3","SKU1502","2023-05-01","2024-02-01","1s","559");
INSERT INTO product VALUES("IDEOS CALCIUM CAPS per BOTTLE","","35.00","26.00","26.00","30","100","1","1","SKU1503","2023-02-01","2024-02-01","1PACK","560");
INSERT INTO product VALUES("BETHANECHOL CHLORIDE per TAB","","8.00","5.00","5.00","30","100","1","50","SKU1504","2023-11-01","2024-02-01","1s","561");
INSERT INTO product VALUES("OXYBUTYNIN 2.5MG per TAB","","1.00","0.54","0.54","30","100","1","10","SKU1505","2023-06-01","2024-02-01","1s","562");
INSERT INTO product VALUES("DIABETONE CAPS per STRIP","","20.00","30.00","30.00","30","100","1","1","SKU1506","2023-04-01","2024-02-01","1s","563");
INSERT INTO product VALUES("PROSLUV CAPSULE","","27.00","20.00","20.00","30","100","1","3","SKU1507","2023-03-01","2024-02-01","1s","564");
INSERT INTO product VALUES("TRUMAN CAPSULES","","22.00","15.00","15.00","30","100","1","3","SKU1508","2022-12-01","2024-02-01","1s","565");
INSERT INTO product VALUES("PERFECTIL PLAIN CAPS","","75.00","56.00","56.00","30","100","1","2","SKU1509","2024-02-01","2024-02-01","1pk","566");
INSERT INTO product VALUES("OSTEOCARE CAPS Original","","54.00","39.98","39.98","30","100","1","1","SKU1510","2025-02-01","2024-02-01","1PACK","567");
INSERT INTO product VALUES("GOSERILIN 10.8MG - ZOLADEX","","1890.00","1619.40","1619.40","30","100","1","1","SKU1511","2023-09-01","2024-02-01","1s","568");
INSERT INTO product VALUES("PARA SUPP 125 per  STRIP ALL - GACET LAVIFLAM NOVAMOL","","3.50","2.50","2.50","30","100","1","15","SKU1512","2022-08-01","2024-02-01","1s","569");
INSERT INTO product VALUES("PARA SUPP 500 per SUPP - SUPOFEN ( EXETER )","","2.00","1.37","1.37","30","100","1","7","SKU1513","2024-10-01","2024-02-01","1s","570");
INSERT INTO product VALUES("PARA SUPP 125 per SUPP - SUPOFEN ( EXETER )","","1.00","0.53","0.53","30","100","1","8","SKU1514","2023-10-01","2024-02-01","1s","571");
INSERT INTO product VALUES("DOMI 10 SUPPOSITORY per PACK","","15.00","9.52","9.52","30","100","1","0","SKU1515","2023-09-01","2024-02-01","1s","572");
INSERT INTO product VALUES("PARA DENK  SUPP 125 per SUPP","","1.80","1.40","1.40","30","100","1","4","SKU1516","2023-09-01","2024-02-01","1s","573");
INSERT INTO product VALUES("PARA DENK SUPP 250 per SUPP","","2.00","1.50","1.50","30","100","1","4","SKU1517","2022-07-01","2024-02-01","1s","574");
INSERT INTO product VALUES("IV SALINE 5Ltr bag KABSAD","","50.00","40.00","40.00","30","100","1","7","SKU1518","2024-01-01","2024-02-01","1s","575");
INSERT INTO product VALUES("RINGERS 0.5tr bag KABSAD","","6.00","4.70","4.70","30","100","1","7","SKU1519","2024-01-20","2024-02-01","1s","576");
INSERT INTO product VALUES("IV SALINE 500ml KABSAD","","6.00","4.67","4.67","30","100","1","7","SKU1520","2024-01-02","2024-02-01","1s","577");
INSERT INTO product VALUES("IV DEXTROSE DNS 250ml bag KABSAD","","6.00","4.70","4.70","30","100","1","7","SKU1521","2023-10-12","2024-02-01","1s","578");
INSERT INTO product VALUES("BUNDLE COTTON DIGAMED 100g","","8.00","4.70","4.70","30","100","1","1","SKU1522","2024-01-01","2024-02-01","1s","579");
INSERT INTO product VALUES("TETRACYCLINE  OINTMENT","","3.00","2.10","2.10","30","100","1","1","SKU1523","2023-12-01","2024-02-01","1s","580");
INSERT INTO product VALUES("PLASTER ROLL 1'' s/s Brown","","5.00","3.80","3.80","30","100","1","2","SKU1524","2023-10-01","2024-02-01","1s","581");
INSERT INTO product VALUES("SILVER SULFADIAZINE Cream LAVINA","","15.00","8.98","8.98","30","100","1","4","SKU1525","2023-12-01","2024-02-01","1s","582");
INSERT INTO product VALUES("SILVERZINE CREAM 30g","","9.00","6.73","6.73","30","100","1","3","SKU1526","2023-01-02","2024-02-01","1S","583");
INSERT INTO product VALUES("LEXSPORIN CREAM","","27.00","20.00","20.00","30","100","1","2","SKU1527","2023-05-01","2024-02-01","1s","584");
INSERT INTO product VALUES("LEXSPORIN POWDER","","20.00","16.00","16.00","30","100","1","2","SKU1528","2023-08-01","2024-02-01","1s","585");
INSERT INTO product VALUES("EPIDERM CREAM","","6.00","4.13","4.13","30","100","1","4","SKU1529","2023-01-01","2024-02-01","1s","586");
INSERT INTO product VALUES("AMIDERM CREAM 30g","","5.00","3.08","3.08","30","96","1","4","SKU1530","2023-01-01","2024-02-01","1s","587");
INSERT INTO product VALUES("PENICILLIN Ointment 30g","","6.00","4.00","4.00","30","100","1","3","SKU1531","2024-08-01","2024-02-01","1s","588");
INSERT INTO product VALUES("ABONIKI BALM","","6.00","4.20","4.20","30","200","1","2","SKU1532","2024-02-07","2024-01-07","1s","589");
INSERT INTO product VALUES("ROBB s/s","","1.00","0.60","0.60","30","100","1","5","SKU1533","2023-01-20","2024-02-01","1s","590");
INSERT INTO product VALUES("TUSHIES BABY WIPES","","12.00","8.50","8.50","30","100","1","4","SKU1534","2023-01-01","2024-02-01","1PK","591");
INSERT INTO product VALUES("EXAM Gloves pieces","","1.50","0.70","0.70","30","100","1","15","SKU1535","2023-05-01","2024-02-01","1s","592");
INSERT INTO product VALUES("EXAM GLOVES per PACK","","65.00","48.00","48.00","30","100","1","2","SKU1536","2023-01-02","2024-02-01","1s","593");
INSERT INTO product VALUES("Diaspot UPT stripes","","3.00","1.50","1.50","30","100","1","1","SKU1537","2023-01-02","2024-02-01","1s","594");
INSERT INTO product VALUES("NEPHROSTOMY TUBE","","560.00","410.00","410.00","30","100","1","1","SKU1538","2024-01-01","2024-02-01","1s","595");
INSERT INTO product VALUES("PROSTACARE CAPS","","70.00","52.21","52.21","30","100","1","3","SKU1539","2024-08-01","2024-02-01","1s","596");
INSERT INTO product VALUES("ZEMAN CAPSULES","","70.00","52.25","52.25","30","100","1","7","SKU1540","2023-03-01","2024-02-01","1pk","597");
INSERT INTO product VALUES("LIVOLIN FORTE","","60.00","45.00","45.00","30","100","1","2","SKU1541","2023-10-11","2024-02-01","1s","598");
INSERT INTO product VALUES("LIVOMYN CAPSULES","","24.00","17.00","17.00","30","100","1","4","SKU1542","2023-10-01","2024-02-01","1PK","599");
INSERT INTO product VALUES("PERFECTIL PLUS CAPS","","200.00","144.83","144.83","30","100","1","1","SKU1543","2024-12-01","2024-02-01","1PACK","600");
INSERT INTO product VALUES("PLEASURE GEL LUBRICANT","ALL","25.00","17.59","17.59","30","100","1","2","SKU1544","2024-07-01","2024-02-01","1s","601");
INSERT INTO product VALUES("BONJELA JNR OINTMENT","","53.00","39.15","39.15","30","100","1","1","SKU1545","2023-02-01","2024-02-01","1s","602");
INSERT INTO product VALUES("TADALAFIL + Trama. spray","SPRAY","180.00","150.00","150.00","30","100","1","2","SKU1546","2023-01-01","2024-02-01","1s","603");
INSERT INTO product VALUES("DRAGON DELAY SPRAY","","34.00","25.59","25.59","30","100","1","2","SKU1547","2025-02-02","2024-02-01","1s","604");
INSERT INTO product VALUES("K Y Gel 83g","KY","54.00","40.00","40.00","30","100","1","1","SKU1548","2023-03-01","2024-02-01","1s","605");
INSERT INTO product VALUES("M2 TONE Caps","M 2","75.00","54.00","54.00","30","100","1","3","SKU1549","2023-01-01","2024-02-01","1s","606");
INSERT INTO product VALUES("WELLWOMAN Original","","75.00","56.17","56.17","30","100","1","2","SKU1550","2023-01-02","2024-02-01","1s","607");
INSERT INTO product VALUES("WELLWOMAN 50+ Caps","","90.00","65.95","65.95","30","100","1","1","SKU1551","2023-03-01","2024-02-01","1s","608");
INSERT INTO product VALUES("WELLMAN Original","","75.00","56.00","56.00","30","100","1","1","SKU1552","2023-11-01","2024-02-01","1s","609");
INSERT INTO product VALUES("WELLMAN 50+","","70.00","57.90","57.90","30","100","1","1","SKU1553","2023-03-01","2024-02-01","1s","610");
INSERT INTO product VALUES("PREGNACARE Original","","70.00","52.00","52.00","30","100","1","1","SKU1554","2024-03-01","2024-02-01","1s","611");
INSERT INTO product VALUES("PREGNACARE plus Omega","","132.00","97.57","97.57","30","100","1","2","SKU1555","2023-11-01","2024-02-01","1s","612");
INSERT INTO product VALUES("ORTHOKIT","","30.00","21.00","21.00","30","100","1","1","SKU1556","2023-03-02","2024-02-01","1s","613");
INSERT INTO product VALUES("VITAMINE E - ENAT 400PACK","","52.00","38.00","38.00","30","100","1","2","SKU1557","2024-06-01","2024-02-01","1s","614");
INSERT INTO product VALUES("EXTRAFLEX","","60.00","44.50","44.50","30","100","1","1","SKU1558","2023-01-12","2024-02-01","1s","615");
INSERT INTO product VALUES("ZANZA VITAMINE E Caps","","30.00","21.92","21.92","30","100","1","3","SKU1559","2024-03-01","2024-02-01","1s","616");
INSERT INTO product VALUES("LIVOPAT CAPSULES","","28.00","20.31","20.31","30","96","1","2","SKU1560","2023-02-01","2024-02-01","1s","617");
INSERT INTO product VALUES("NEUROPAT CAPASULES","","51.00","37.82","37.82","30","100","1","1","SKU1561","2023-06-01","2024-02-01","1s","618");
INSERT INTO product VALUES("CYTOTEC per TAB","","5.00","2.70","2.70","30","100","1","10","SKU1562","2023-01-01","2024-02-01","1s","619");
INSERT INTO product VALUES("PREGABLIN  75mg per STRIP - PREGASAFE","","20.00","13.33","13.33","30","100","1","3","SKU1563","2024-03-01","2024-02-01","1s","620");
INSERT INTO product VALUES("CARDIOPAT CAPS","","25.00","16.78","16.78","30","100","1","2","SKU1564","2022-07-01","2024-02-01","1s","621");
INSERT INTO product VALUES("PREGNACARE MAX","","180.00","140.00","140.00","30","100","1","1","SKU1565","2023-11-01","2024-02-01","1s","622");
INSERT INTO product VALUES("NAPROSEN EC TAB","","11.00","7.80","7.80","30","100","1","5","SKU1566","2023-02-01","2024-02-01","28","623");
INSERT INTO product VALUES("AMLODIPINE 5mg TAB AMLONOVA 5- Pharmanova","","8.00","3.50","3.50","30","100","1","7","SKU1567","2023-02-01","2024-02-01","1","624");
INSERT INTO product VALUES("BISOPROLOL 2.5MG - TEVA","","8.00","5.98","5.98","30","100","1","2","SKU1568","2024-04-01","2024-02-01","28s","625");
INSERT INTO product VALUES("LOSARTAN  POTASSIUM 100mg - LOSAT 100 ( Pharmanova )","","15.00","10.51","10.51","30","100","1","4","SKU1569","2022-06-01","2024-02-01","30s","626");
INSERT INTO product VALUES("LOSARTAN POTASSIUM 100MG - EXETER","","15.00","10.51","10.51","30","95","1","1","SKU1570","2022-06-01","2024-02-01","28s","627");
INSERT INTO product VALUES("VIT B DENK per TAB","","1.70","1.25","1.25","30","100","1","15","SKU1571","2023-09-01","2024-02-01","1s","628");
INSERT INTO product VALUES("NIFEDIPINE / CARDIOFIN 20MG TABS strip - EXETER","","2.00","1.50","1.50","30","100","1","3","SKU1572","2023-08-01","2024-02-01","10s","629");
INSERT INTO product VALUES("NOVAPENEM 1G -  MEROPENEM 1000","","80.00","57.00","57.00","30","100","1","3","SKU1573","2023-07-01","2024-02-01","1s","630");
INSERT INTO product VALUES("CEFTRIAXONE VIAL EXETER","","8.00","4.03","4.03","30","100","1","4","SKU1574","2024-08-01","2024-02-01","1s","631");
INSERT INTO product VALUES("GACET PARA  SUPP 250 per STRIP","","4.00","2.60","2.60","30","100","1","5","SKU1575","2023-02-01","2024-02-01","1s","632");
INSERT INTO product VALUES("NEOSTIGMINE INJ","","30.00","20.00","20.00","30","100","1","7","SKU633","2025-04-01","2024-02-01","1s","633");
INSERT INTO product VALUES("BENDRO TAB ECL 2.5MG - E C L","","0.50","0.32","0.32","30","100","1","15","SKU634","2022-08-01","2024-02-01","1s","634");
INSERT INTO product VALUES("DYMOL TABLET","SANOFI","5.00","3.60","3.60","25","100","1","7","SKU635","2024-01-01","2024-02-01","10s","635");
INSERT INTO product VALUES("NESTRIX FORTE 200ML","E C L","14.00","9.80","9.80","26","100","1","1","SKU636","2023-04-01","2024-02-01","200ml","636");
INSERT INTO product VALUES("NEXCOFER PLUS EXETER 200ML","","21.00","14.98","14.98","30","100","1","2","SKU637","2023-05-01","2024-02-01","200","637");
INSERT INTO product VALUES("PLASTER ROLL 4'' L/S","","13.00","8.80","8.80","30","100","1","2","SKU638","2023-09-11","2024-02-01","4'' ROLL","638");
INSERT INTO product VALUES("PROCOLD TABLETS","","5.00","3.30","3.30","25","100","1","14","SKU639","2023-01-11","2024-02-01","1s","639");
INSERT INTO product VALUES("NOSTAMINE EYE/NASAL DROP","","20.00","12.32","12.32","35","100","1","3","SKU640","2023-09-10","2024-02-01","1pack","640");
INSERT INTO product VALUES("DEXATROL OINTMENT","","18.00","12.32","12.32","32","100","1","2","SKU641","2023-08-01","2024-02-01","1s","641");
INSERT INTO product VALUES("CLOMID TABLETS","","84.00","65.00","65.00","30","100","1","0","SKU642","2026-05-01","2024-02-01","1s","642");
INSERT INTO product VALUES("ELASTIC BANDAGE L/S 6''","","9.00","5.18","5.18","30","100","1","2","SKU643","2024-02-01","2024-02-01","1ROLL","643");
INSERT INTO product VALUES("NO LOGO CONDOM PIECES","","1.00","0.30","0.30","30","100","1","5","SKU644","2024-01-01","2024-02-01","3s","644");
INSERT INTO product VALUES("MICROGYNON TABLETS","","20.00","13.80","13.80","25","100","1","3","SKU645","2023-09-10","2024-02-01","30s","645");
INSERT INTO product VALUES("PRIMOLUT per TAB","","1.50","0.77","0.77","30","100","1","5","SKU646","2023-08-10","2024-02-01","PRIMOLUT","646");
INSERT INTO product VALUES("AMOKSIKLAV  228 SUSPENSION - UK","","23.00","16.35","16.35","30","100","1","4","SKU647","2024-09-01","2024-02-01","100","647");
INSERT INTO product VALUES("NO LOGO FULLPACK","","25.00","14.00","14.00","30","100","1","2","SKU648","2024-01-01","2024-02-01","144s","648");
INSERT INTO product VALUES("CARDIOFINE NIFEDIPINE 30MG - EXETER per strip","","8.00","5.47","5.47","30","100","1","2","SKU649","2022-09-01","2024-02-01","14s","649");
INSERT INTO product VALUES("KIDIVITE CHILD 15 MULTI 150ML","","28.00","19.89","19.89","30","100","1","2","SKU650","2023-01-01","2024-02-01","150ML","650");
INSERT INTO product VALUES("NEOFERON CAPSULES - EXETER","","12.00","7.98","7.98","30","100","1","2","SKU651","2023-04-01","2024-02-01","30s","651");
INSERT INTO product VALUES("PARA PACK 16s - GALPHARM","","8.00","4.71","4.71","30","100","1","3","SKU652","2023-08-01","2024-02-01","16s","652");
INSERT INTO product VALUES("STOPKOF LOZENGES 4s - ECL","","1.00","0.40","0.40","30","100","1","10","SKU653","2023-01-01","2024-02-01","4s","653");
INSERT INTO product VALUES("FAST MELT","","1.00","0.45","0.45","30","100","1","5","SKU654","2023-03-01","2024-02-01","1s","654");
INSERT INTO product VALUES("PREDNISOLINE 5MG per STRIP - UK","","12.00","7.50","7.50","30","100","1","1","SKU655","2025-01-01","2024-02-01","28s","655");
INSERT INTO product VALUES("SPEMEN CAPSULES","","48.00","38.00","38.00","30","100","1","1","SKU656","2024-04-01","2024-02-01","28s","656");
INSERT INTO product VALUES("ANUSOL SUPPOSITORIES per SUPP","","4.00","2.50","2.50","30","100","1","4","SKU657","2024-08-01","2024-02-01","1s","657");
INSERT INTO product VALUES("TAB AZITHROMYCN 500 - AZITEX 500 EXETER","","22.00","14.00","14.00","30","100","1","2","SKU658","2024-02-01","2024-02-01","3s","658");
INSERT INTO product VALUES("ENVICO COLD & FLU CAPS PACK","","32.00","21.80","21.80","30","98","1","0","SKU659","2023-01-01","2024-02-01","20s","659");
INSERT INTO product VALUES("PREGNACARE BEFORE CONCEPTION","","85.00","65.00","65.00","30","100","1","1","SKU660","2023-12-01","2024-02-01","10s","660");
INSERT INTO product VALUES("LYRICA  -PREGABLIN 75MG","","240.00","208.69","208.69","30","99","1","1","SKU661","2024-02-01","2024-02-01","1s","661");
INSERT INTO product VALUES("SLIM SMART CAPS","","125.00","95.00","95.00","30","100","1","0","SKU662","2023-12-01","2024-02-01","1s","662");
INSERT INTO product VALUES("SHALTOUX COUGH SYRUPS","","8.00","5.15","5.15","30","100","1","-1","SKU663","2023-01-01","2024-02-01","100","663");
INSERT INTO product VALUES("IBUCAP FORTE TAB -SHALINA","","3.00","2.10","2.10","30","100","1","4","SKU664","2023-01-01","2024-02-01","10s","664");
INSERT INTO product VALUES("BETASOL CREAM 30g","","5.00","3.05","3.05","30","100","1","3","SKU665","2023-01-20","2024-02-01","30g","665");
INSERT INTO product VALUES("SHALTEM FORTE 1 X 6s","","10.00","6.45","6.45","30","100","1","3","SKU666","2024-01-01","2024-02-01","6s","666");
INSERT INTO product VALUES("POLYGEL ANTACID 200ml","","10.00","6.95","6.95","30","100","1","2","SKU667","2024-07-01","2024-02-01","200ml","667");
INSERT INTO product VALUES("ADDYZOA CAPSULES","","75.00","52.00","52.00","30","100","1","2","SKU668","2023-01-20","2024-02-01","30s","668");
INSERT INTO product VALUES("ACICLOVIR 200  EXETER- per PACK","","18.00","10.37","10.37","30","100","1","2","SKU669","2023-10-01","2024-02-01","28s","669");
INSERT INTO product VALUES("MAXITROL SUSPENSION","","22.00","16.38","16.38","30","100","1","1","SKU670","2023-03-01","2024-02-01","1s","670");
INSERT INTO product VALUES("SUSTANON ORIGINAL 250mg - Testosteron Inj","","130.00","95.00","95.00","30","100","1","2","SKU671","2023-01-01","2024-02-01","1s","671");
INSERT INTO product VALUES("DESMOPRESSIN TABLET  0.1MG per TAB","","15.00","10.95","10.95","30","100","1","10","SKU672","2022-11-01","2024-02-01","1s","672");
INSERT INTO product VALUES("TALAGENTIS TABLET 20MG per TAB","","5.00","3.00","3.00","30","100","1","5","SKU673","2024-01-01","2024-02-01","1s","673");
INSERT INTO product VALUES("SSS THROAT LOZENGES","","7.00","4.30","4.30","30","100","1","3","SKU674","2022-10-01","2024-02-01","1s","674");
INSERT INTO product VALUES("PETHIDINE INJ per VIAL","","30.00","20.00","20.00","28","100","1","5","SKU675","2024-01-01","2024-02-01","1s","675");
INSERT INTO product VALUES("AMOXICILLIN SUSPENSION - LUEX","","8.00","5.00","5.00","34","100","1","3","SKU676","2024-06-01","2024-02-01","100","676");
INSERT INTO product VALUES("BONAPLEX SYRUP - LUEX","","23.00","18.90","18.90","26","100","1","2","SKU677","2023-04-01","2024-02-01","100","677");
INSERT INTO product VALUES("CIPROLEX 500 TAB  PACK - LUEX","","18.00","14.00","14.00","30","100","1","3","SKU678","2023-05-01","2024-02-01","1s","678");
INSERT INTO product VALUES("FERROLEX SYRUP 250 - LUEX","","21.00","14.90","14.90","30","100","1","2","SKU679","2023-04-01","2024-02-01","250","679");
INSERT INTO product VALUES("RENALOF CAPSULES","","130.00","90.00","90.00","30","100","1","1","SKU680","2023-06-01","2024-02-01","90s","680");
INSERT INTO product VALUES("VITAFORCE SYRUP 250 - LUEX","","26.00","18.90","18.90","26","100","1","2","SKU681","2023-12-01","2024-02-01","250","681");
INSERT INTO product VALUES("WORMBAT 400 TABLET","","5.00","2.50","2.50","30","100","1","5","SKU682","2024-05-01","2024-02-01","1s","682");
INSERT INTO product VALUES("ACICLOVIR CREAM 5% - ACYCLOVIR","","35.00","26.15","26.15","30","100","1","1","SKU683","2023-01-01","2024-02-01","1s","683");
INSERT INTO product VALUES("GRISEOFULVIN 125 TAB - MYCOVIN 125","","3.00","1.50","1.50","30","100","1","10","SKU684","2024-08-01","2024-02-01","1s","684");
INSERT INTO product VALUES("AMITRIPTYLINE  25MG per BLISTER","","3.00","1.70","1.70","30","100","1","10","SKU685","2023-06-01","2024-02-01","1s","685");
INSERT INTO product VALUES("SILDENAFIL 100 TEVA per PACK 8s","","32.00","16.00","16.00","30","100","1","2","SKU686","2023-01-20","2024-02-01","8s","686");
INSERT INTO product VALUES("PIRITON ORIG - GSK /TABLET","","2.00","1.10","1.10","30","100","1","5","SKU687","2024-03-01","2024-02-01","1s","687");
INSERT INTO product VALUES("DEXATROL DROPS","","18.00","12.95","12.95","30","100","1","2","SKU688","2023-09-01","2024-02-01","1s","688");
INSERT INTO product VALUES("ZULU MR","","8.00","5.30","5.30","32","100","1","1","SKU689","2023-01-01","2024-02-01","1s","689");
INSERT INTO product VALUES("COCODAMOL TABLETS","","8.00","5.20","5.20","30","100","1","3","SKU690","2024-06-01","2024-02-01","1s","690");
INSERT INTO product VALUES("DREZ POWDER 10g","","12.00","7.96","7.96","30","100","1","2","SKU691","2023-01-01","2024-02-01","1s","691");
INSERT INTO product VALUES("PAINGAY CAPSULES","","4.50","3.10","3.10","30","100","1","3","SKU692","2024-01-01","2024-02-01","1s","692");
INSERT INTO product VALUES("DETTOL 250ML","","22.00","15.51","15.51","30","100","1","1","SKU693","2023-01-01","2024-02-01","250","693");
INSERT INTO product VALUES("SAVLON ANTISEPTIC 125ML","","13.00","9.82","9.82","30","100","1","1","SKU694","2023-01-01","2024-02-01","1s","694");
INSERT INTO product VALUES("FOLIGROW CAPSULES","","20.00","15.00","15.00","30","100","1","1","SKU695","2024-08-08","2024-02-01","1s","695");
INSERT INTO product VALUES("GUDAPET TABLET","","10.00","6.73","6.73","30","100","1","2","SKU696","2023-03-01","2024-02-01","1s","696");
INSERT INTO product VALUES("JEDITOINE SYRUP","","10.00","6.73","6.73","30","100","1","2","SKU697","2023-01-01","2024-02-01","1s","697");
INSERT INTO product VALUES("REFRESH TEARS EYE DROP 15ML","","68.00","48.00","48.00","30","100","1","1","SKU698","2023-04-02","2024-02-01","15ML","698");
INSERT INTO product VALUES("TRES ORIX S/S 100ML","","17.00","12.00","12.00","30","100","1","1","SKU699","2023-03-01","2024-02-01","100ML","699");
INSERT INTO product VALUES("KLOVINAL PESSARIES","","28.00","19.66","19.66","30","100","1","1","SKU700","2023-06-06","2024-02-01","1s","700");
INSERT INTO product VALUES("GALVUS MET 50/1000","","40.00","30.00","30.00","30","90","1","1","SKU701","2023-01-01","2024-02-01","1s","701");
INSERT INTO product VALUES("FUROSEMIDE 20MG TA B UK","","10.00","6.00","6.00","30","86","1","1","SKU702","2023-03-01","2024-02-01","28s","702");
INSERT INTO product VALUES("UPT PACK","","5.00","3.50","3.50","30","100","1","1","SKU703","2024-01-01","2024-02-01","1s","703");
INSERT INTO product VALUES("PARA EXTRA + CAFFEINE","","3.00","1.28","1.28","30","100","1","1","SKU704","2024-01-01","2024-02-01","1s","704");
INSERT INTO product VALUES("BIOFERON CAPS","","24.00","17.49","17.49","30","100","1","0","SKU705","2023-07-01","2024-02-01","1s","705");
INSERT INTO product VALUES("ELASTIC BANDAGE 3'' M/S","","5.00","2.50","2.50","30","100","1","1","SKU706","2024-01-01","2024-02-01","1s","706");
INSERT INTO product VALUES("DICLOLEX  HEAT GEL","","8.00","6.00","6.00","30","100","1","1","SKU707","2024-01-01","2024-02-01","1s","707");
INSERT INTO product VALUES("ovulation test kit","kit","7.00","7.00","7.00","30","100","1","1","SKU708","2024-01-01","2024-02-01","1s","708");
INSERT INTO product VALUES("PRED FORTE - Prednisoline drops","","70.00","52.00","52.00","30","100","1","0","SKU709","2023-01-01","2024-02-01","1s","709");
INSERT INTO product VALUES("COMBIGAN EYE DROPS","","140.00","107.00","107.00","30","100","1","1","SKU710","2023-01-02","2024-02-01","1s","710");
INSERT INTO product VALUES("NIFEDENK 10MG RETARD","","4.50","3.31","3.31","30","100","1","1","SKU711","2023-01-01","2024-02-01","1s","711");
INSERT INTO product VALUES("ESSENTIAL FOLIC ACID 5MG","","22.00","15.00","15.00","30","100","1","2","SKU712","2024-01-01","2024-02-01","30s","712");
INSERT INTO product VALUES("VIVADONA","","42.00","35.00","35.00","30","100","1","1","SKU713","2024-01-01","2024-02-01","1s","713");
INSERT INTO product VALUES("KETOCONAZOL 15G - NIZORAL","","40.00","30.20","30.20","30","100","1","0","SKU714","2024-03-01","2024-02-01","15G","714");
INSERT INTO product VALUES("ACICLOVIR 400MG 14s per STRIP - EXETER","","12.00","8.75","8.75","30","100","1","1","SKU715","2024-03-01","2024-02-01","400MG","715");
INSERT INTO product VALUES("SUPER APETI PLUS","","13.00","9.50","9.50","30","100","1","1","SKU716","2024-06-01","2024-02-01","100ML","716");
INSERT INTO product VALUES("RONCIP D DROPS","","12.00","8.50","8.50","30","100","1","-1","SKU717","2024-07-01","2024-02-01","1s","717");
INSERT INTO product VALUES("SUSP FLUCLOXACILLIN - EXAFLOX","","16.00","10.72","10.72","34","100","1","1","SKU718","2024-01-01","2024-02-01","100ML","718");
INSERT INTO product VALUES("10CC SYRINGE & NEEDLE","","1.00","0.34","0.34","0","3679","0","0","","","2022-07-06","","721");
INSERT INTO product VALUES("1% CLOTRIMAZOLE 20MG ECL - LAVINA","","4.00","2.85","2.85","0","96","0","0","","2023-01-03","","","722");
INSERT INTO product VALUES("Trial","Trial","90.00","80.00","80.00","4","5","0","2","","2022-05-10","","","723");
INSERT INTO product VALUES("Metronidazole","","50.00","88.00","15.00","0","99","0","0","","","","","724");
INSERT INTO product VALUES("Meat ","2345678","77.00","66.00","69.00","30","59","0","5","","","","","728");



CREATE TABLE `product_list` (
  `id` int(30) NOT NULL AUTO_INCREMENT,
  `name` text NOT NULL,
  `description` text NOT NULL,
  `price` float(15,2) NOT NULL DEFAULT 0.00,
  `image_path` text NOT NULL,
  `status` tinyint(1) NOT NULL DEFAULT 1,
  `delete_flag` tinyint(1) NOT NULL DEFAULT 0,
  `date_created` datetime NOT NULL DEFAULT current_timestamp(),
  `date_updated` datetime NOT NULL DEFAULT current_timestamp() ON UPDATE current_timestamp(),
  PRIMARY KEY (`id`)
) ENGINE=InnoDB AUTO_INCREMENT=8 DEFAULT CHARSET=utf8mb4;

INSERT INTO product_list VALUES("1","Mags","Test Mags","6500.00","uploads/products/1.png?v=1651631335","1","0","2022-05-04 10:28:54","2022-05-04 10:28:55");
INSERT INTO product_list VALUES("2","Spark Plug","Test Spark Plug","650.00","uploads/products/2.png?v=1651631360","1","0","2022-05-04 10:29:20","2022-05-04 10:29:20");
INSERT INTO product_list VALUES("3","Side Mirrors","Test Side Mirrors","1300.00","uploads/products/3.png?v=1651631379","1","0","2022-05-04 10:29:39","2022-05-04 10:29:39");
INSERT INTO product_list VALUES("4","Engine Oil 1L","Test Engine Oil 1L","450.00","uploads/products/4.png?v=1651631402","1","0","2022-05-04 10:30:02","2022-05-04 10:30:02");
INSERT INTO product_list VALUES("5","Engine Oil 4L","Test Engine Oil 4L","1100.00","uploads/products/5.png?v=1651631427","1","0","2022-05-04 10:30:27","2022-05-04 10:30:27");
INSERT INTO product_list VALUES("6","Fox Suspension","Test Fox Suspension","7800.00","uploads/products/6.png?v=1651631456","1","0","2022-05-04 10:30:56","2022-05-04 10:30:56");
INSERT INTO product_list VALUES("7","Battery","Test Battery","1400.00","uploads/products/7.png?v=1651631475","1","0","2022-05-04 10:31:15","2022-05-04 10:31:15");



CREATE TABLE `service_cart` (
  `id` int(11) NOT NULL AUTO_INCREMENT,
  `user_id` int(11) NOT NULL,
  `service_id` int(11) NOT NULL,
  `patient_id` varchar(50) NOT NULL,
  PRIMARY KEY (`id`)
) ENGINE=InnoDB AUTO_INCREMENT=71 DEFAULT CHARSET=latin1;

INSERT INTO service_cart VALUES("69","1","3","20220003");
INSERT INTO service_cart VALUES("70","1","5","20220003");



CREATE TABLE `service_list` (
  `id` int(30) NOT NULL AUTO_INCREMENT,
  `name` text NOT NULL,
  `description` text NOT NULL,
  `price` float(15,2) NOT NULL DEFAULT 0.00,
  `status` tinyint(1) NOT NULL DEFAULT 1,
  `delete_flag` tinyint(1) NOT NULL DEFAULT 0,
  `date_created` datetime NOT NULL DEFAULT current_timestamp(),
  `date_updated` datetime NOT NULL DEFAULT current_timestamp() ON UPDATE current_timestamp(),
  PRIMARY KEY (`id`)
) ENGINE=InnoDB AUTO_INCREMENT=15 DEFAULT CHARSET=utf8mb4;

INSERT INTO service_list VALUES("1","Diabetes Check-up","Diabetes Check-up","100.00","1","0","2022-05-04 09:17:45","2022-06-16 12:09:33");
INSERT INTO service_list VALUES("2","General Check-up","General Check-up","250.00","1","0","2022-05-04 09:18:06","2022-06-16 04:31:42");
INSERT INTO service_list VALUES("3","Kidney Stone","Kidney Stone","50.00","1","0","2022-05-04 09:19:01","2022-06-16 12:11:00");
INSERT INTO service_list VALUES("4","Cholesterol levels","Cholesterol levels","100.00","1","0","2022-05-04 09:19:36","2022-06-16 12:10:24");
INSERT INTO service_list VALUES("5","Blood Pressure Check-up","Blood Pressure Check-up","80.00","1","0","2022-05-04 09:20:33","2022-06-16 12:14:58");
INSERT INTO service_list VALUES("6","test","test","1.00","1","1","2022-05-04 09:20:49","2022-05-04 09:20:57");
INSERT INTO service_list VALUES("7","","","0.00","1","1","2022-06-14 15:43:16","2022-06-14 15:44:06");
INSERT INTO service_list VALUES("8","Infertility","Infertility","60.00","1","0","2022-06-16 12:11:32","2022-06-16 12:11:32");
INSERT INTO service_list VALUES("9","Body Mass Index","Body Mass Index","20.00","1","0","2022-06-16 12:12:03","2022-06-16 12:12:03");
INSERT INTO service_list VALUES("10","Health Counseling","Health Counseling","100.00","1","0","2022-06-16 12:12:48","2022-06-16 12:12:48");
INSERT INTO service_list VALUES("11","Cancer Awareness","Cancer Awareness","70.00","1","0","2022-06-16 12:13:27","2022-06-16 12:13:27");
INSERT INTO service_list VALUES("12","Stroke","Stroke","55.00","1","0","2022-06-16 12:13:51","2022-06-16 12:13:51");
INSERT INTO service_list VALUES("13","Hepatitis ","Hepatitis ","10.00","1","0","2022-06-16 12:14:28","2022-06-16 12:14:28");
INSERT INTO service_list VALUES("14","IT ","hhh78","10.00","1","0","2022-08-15 03:11:13","2022-08-15 03:11:43");



CREATE TABLE `service_transaction_list` (
  `id` int(30) NOT NULL AUTO_INCREMENT,
  `user_id` int(30) NOT NULL,
  `code` varchar(100) NOT NULL,
  `client_name` text NOT NULL,
  `amount` float(15,2) NOT NULL DEFAULT 0.00,
  `date_created` datetime NOT NULL DEFAULT current_timestamp(),
  `date_updated` datetime NOT NULL DEFAULT current_timestamp() ON UPDATE current_timestamp(),
  `discount` decimal(10,2) NOT NULL,
  `cash_tendered` decimal(10,2) NOT NULL,
  `amount_due` decimal(10,2) NOT NULL,
  `balance` decimal(10,2) NOT NULL,
  `total` decimal(10,2) NOT NULL,
  PRIMARY KEY (`id`)
) ENGINE=InnoDB AUTO_INCREMENT=11 DEFAULT CHARSET=utf8mb4;

INSERT INTO service_transaction_list VALUES("1","1","2205130001","###","1301.00","2022-05-13 18:09:25","2022-05-13 18:32:54","0.00","1301.00","0.00","0.00","1301.00");
INSERT INTO service_transaction_list VALUES("2","1","2205130002","###","700.00","2022-05-13 18:48:47","2022-05-13 18:48:47","0.00","700.00","0.00","0.00","700.00");
INSERT INTO service_transaction_list VALUES("3","1","2205130003","###","1301.00","2022-05-13 18:50:14","2022-05-13 18:50:14","0.00","1301.00","0.00","0.00","1301.00");
INSERT INTO service_transaction_list VALUES("4","1","2205140001","###","1100.00","2022-05-14 10:05:13","2022-05-14 10:05:13","0.00","1100.00","0.00","0.00","1100.00");
INSERT INTO service_transaction_list VALUES("5","1","2205140002","###","700.00","2022-05-14 11:10:33","2022-05-14 11:10:33","0.00","700.00","0.00","0.00","700.00");
INSERT INTO service_transaction_list VALUES("6","1","2205140003","###","2650.00","2022-05-14 20:24:44","2022-05-14 20:24:44","0.00","2650.00","0.00","0.00","2650.00");
INSERT INTO service_transaction_list VALUES("7","1","2205150001","###","1.00","2022-05-15 03:16:55","2022-05-15 03:16:55","0.00","1.00","0.00","0.00","1.00");
INSERT INTO service_transaction_list VALUES("8","1","2205150002","###","700.00","2022-05-15 15:20:34","2022-05-15 15:20:34","0.00","700.00","0.00","0.00","700.00");
INSERT INTO service_transaction_list VALUES("9","1","2205150003","","0.00","2022-05-15 23:18:56","2022-05-15 23:18:56","0.00","0.00","0.00","0.00","0.00");
INSERT INTO service_transaction_list VALUES("10","1","2205150004","###","850.00","2022-05-15 23:19:20","2022-05-15 23:19:20","0.00","850.00","0.00","0.00","850.00");



CREATE TABLE `stock_list` (
  `sid` varchar(20) NOT NULL,
  `date_created` datetime NOT NULL DEFAULT current_timestamp(),
  `amount` decimal(10,2) NOT NULL,
  `user_id` int(10) NOT NULL,
  `id` int(11) NOT NULL AUTO_INCREMENT,
  PRIMARY KEY (`id`)
) ENGINE=InnoDB AUTO_INCREMENT=43 DEFAULT CHARSET=utf8mb4;

INSERT INTO stock_list VALUES("2208001","2022-08-06 22:02:01","10992.50","1","26");
INSERT INTO stock_list VALUES("2208002","2022-08-08 14:08:33","399.58","1","27");
INSERT INTO stock_list VALUES("2208003","2022-08-10 11:36:47","2624.69","1","28");
INSERT INTO stock_list VALUES("2208004","2022-08-10 11:36:55","0.00","1","29");
INSERT INTO stock_list VALUES("2208005","2022-08-10 16:05:42","137.95","1","30");
INSERT INTO stock_list VALUES("2208006","2022-08-11 06:32:38","9416.50","1","31");
INSERT INTO stock_list VALUES("2208007","2022-08-11 06:33:02","9416.50","1","32");
INSERT INTO stock_list VALUES("2208008","2022-08-11 06:34:42","9416.50","1","33");
INSERT INTO stock_list VALUES("2208009","2022-08-11 06:38:53","421.40","1","34");
INSERT INTO stock_list VALUES("2208010","2022-08-13 09:32:57","3650.00","1","38");
INSERT INTO stock_list VALUES("2208011","2022-08-13 09:33:20","3650.00","1","39");
INSERT INTO stock_list VALUES("2208012","2022-08-13 09:38:24","3650.00","1","40");
INSERT INTO stock_list VALUES("2208013","2022-08-13 09:42:00","3824.50","1","41");
INSERT INTO stock_list VALUES("2208014","2022-08-13 09:46:47","1625.00","1","42");



CREATE TABLE `stockin` (
  `prod_id` int(11) NOT NULL,
  `qty` int(6) NOT NULL,
  `date_created` timestamp NOT NULL DEFAULT current_timestamp() ON UPDATE current_timestamp(),
  `supplier_id` int(11) NOT NULL,
  `prod_exdate` varchar(50) NOT NULL,
  `id` int(11) NOT NULL AUTO_INCREMENT,
  `stockin_id` varchar(50) NOT NULL,
  `cost_price` decimal(10,2) NOT NULL,
  PRIMARY KEY (`id`)
) ENGINE=InnoDB AUTO_INCREMENT=59 DEFAULT CHARSET=latin1;

INSERT INTO stockin VALUES("1","44","2022-08-06 22:02:01","1","2022-08-16","34","2208001","15.00");
INSERT INTO stockin VALUES("9","666","2022-08-06 22:02:01","16","2022-08-16","35","2208001","15.00");
INSERT INTO stockin VALUES("5","5","2022-08-06 22:02:01","16","2022-08-16","36","2208001","69.00");
INSERT INTO stockin VALUES("0","0","2022-08-08 14:08:34","0","","37","2208002","0.00");
INSERT INTO stockin VALUES("5","1","2022-08-08 14:08:34","14","2024-02-01","38","2208002","69.00");
INSERT INTO stockin VALUES("3","12","2022-08-08 14:08:34","13","2024-02-01","39","2208002","28.00");
INSERT INTO stockin VALUES("2","3","2022-08-10 11:36:47","14","2022-08-18","40","2208003","38.00");
INSERT INTO stockin VALUES("3","3","2022-08-10 11:36:47","14","2022-08-18","41","2208003","28.00");
INSERT INTO stockin VALUES("3","88","2022-08-10 11:36:47","13","2023-01-27","42","2208003","28.00");
INSERT INTO stockin VALUES("3","5","2022-08-10 16:05:42","1","","43","2208005","28.00");
INSERT INTO stockin VALUES("4","200","2022-08-11 06:32:38","15","","44","2208006","44.00");
INSERT INTO stockin VALUES("5","9","2022-08-11 06:32:38","1","","45","2208006","69.00");
INSERT INTO stockin VALUES("387","8","2022-08-11 06:38:53","1","","46","2208009","28.00");
INSERT INTO stockin VALUES("314","10","2022-08-11 06:38:53","1","","47","2208009","6.00");
INSERT INTO stockin VALUES("545","10","2022-08-11 06:38:53","1","","48","2208009","13.00");
INSERT INTO stockin VALUES("4","77","2022-08-13 09:42:00","13","","55","2208013","47.00");
INSERT INTO stockin VALUES("5","3","2022-08-13 09:42:00","1","","56","2208013","69.00");
INSERT INTO stockin VALUES("4","20","2022-08-13 09:46:47","1","","57","2208014","47.00");
INSERT INTO stockin VALUES("5","10","2022-08-13 09:46:47","1","","58","2208014","68.50");



CREATE TABLE `stockin_cart` (
  `stockin_id` int(11) NOT NULL AUTO_INCREMENT,
  `prod_id` int(11) NOT NULL,
  `qty` int(6) NOT NULL,
  `date_created` timestamp NOT NULL DEFAULT current_timestamp() ON UPDATE current_timestamp(),
  `supplier_id` int(11) NOT NULL,
  `prod_exdate` varchar(50) NOT NULL,
  `user_id` int(11) NOT NULL,
  `cost_price` decimal(10,2) NOT NULL,
  PRIMARY KEY (`stockin_id`)
) ENGINE=InnoDB AUTO_INCREMENT=116 DEFAULT CHARSET=latin1;




CREATE TABLE `supplier` (
  `supplier_id` int(11) NOT NULL AUTO_INCREMENT,
  `supplier_name` varchar(100) NOT NULL,
  `supplier_address` varchar(300) NOT NULL,
  `supplier_contact` varchar(50) NOT NULL,
  PRIMARY KEY (`supplier_id`)
) ENGINE=InnoDB AUTO_INCREMENT=30 DEFAULT CHARSET=latin1;

INSERT INTO supplier VALUES("1","No ","","");
INSERT INTO supplier VALUES("13","UNICHEM GH LTD","Box Tamale - VITTING","0244585591");
INSERT INTO supplier VALUES("14","ERNEST CHEMIST LTD","BOX 1538 TAMALE","0505824232");
INSERT INTO supplier VALUES("15","BASELINE PHARMACY","CBG BUILDING","020");
INSERT INTO supplier VALUES("16","E B PHARMACY","OPP DHL OFFICE","0243063256");
INSERT INTO supplier VALUES("17","GOPENS PHARMACY ","KUMASI","0266764625");
INSERT INTO supplier VALUES("18","GINAPHARMA LTD","KANVILLE","024");
INSERT INTO supplier VALUES("19","PHARMANOVA GHANA LTD","TAMALE","0245");
INSERT INTO supplier VALUES("20","MEK PHARMACY LTD","LAMASHEGU-UDS ROAD","0372028753");
INSERT INTO supplier VALUES("21","DECENT PHARMACY","ADJ CENTRAL MOSQUE TML","0558002546");
INSERT INTO supplier VALUES("22","DOKULOKU PHARMACY","Bank of Africa Building, TAMALE","0241081237");
INSERT INTO supplier VALUES("23","TOBINCO PHARMAUEUTICALS","TAMALE","024");
INSERT INTO supplier VALUES("24","RICKY PHARMACY","OPP ACCESS BANK","0208161286 / 0372023426");
INSERT INTO supplier VALUES("25","INTRAVENOUS INFUSION","TTH Road","0558208684");
INSERT INTO supplier VALUES("26","PHILIPS PHAMACEUTICALS LTD","BOX ST 380, ACCRA","0558754576");
INSERT INTO supplier VALUES("27","ASGA ENTERPRISE","WATER WORKS ROAD","0506677155");
INSERT INTO supplier VALUES("28","MEGALIFE SCIENCES","8 DZORWULU","0201515060 /0202290084");
INSERT INTO supplier VALUES("29","LANSAH CHEMIST","NEW TAFO , KUMASI","0322029013");



CREATE TABLE `system_info` (
  `id` int(30) NOT NULL AUTO_INCREMENT,
  `meta_field` text NOT NULL,
  `meta_value` text NOT NULL,
  PRIMARY KEY (`id`)
) ENGINE=InnoDB AUTO_INCREMENT=17 DEFAULT CHARSET=utf8mb4;

INSERT INTO system_info VALUES("1","name","Nasara Pharmacy");
INSERT INTO system_info VALUES("6","short_name","OY Tech. Pharm");
INSERT INTO system_info VALUES("11","logo","uploads/logo-1660083108.png");
INSERT INTO system_info VALUES("13","user_avatar","uploads/user_avatar.jpg");
INSERT INTO system_info VALUES("14","cover","uploads/cover-1660077546.png");
INSERT INTO system_info VALUES("15","address","Post Office Box 52, Nyankpala.");
INSERT INTO system_info VALUES("16","contact","+233509997797");



CREATE TABLE `task` (
  `task_id` int(11) NOT NULL AUTO_INCREMENT,
  `task` varchar(150) NOT NULL,
  `status` varchar(150) NOT NULL,
  `user_id` int(11) NOT NULL,
  PRIMARY KEY (`task_id`)
) ENGINE=InnoDB AUTO_INCREMENT=44 DEFAULT CHARSET=latin1;

INSERT INTO task VALUES("42","I will fixing a bug on my Syatem","","1");
INSERT INTO task VALUES("43","I have to go Tamale to meet a friend","Done","1");



CREATE TABLE `transaction_list` (
  `id` int(30) NOT NULL AUTO_INCREMENT,
  `user_id` int(30) NOT NULL,
  `code` varchar(100) NOT NULL,
  `client_id` varchar(30) NOT NULL,
  `amount` float(15,2) NOT NULL DEFAULT 0.00,
  `date_created` datetime NOT NULL DEFAULT current_timestamp(),
  `date_updated` datetime NOT NULL DEFAULT current_timestamp() ON UPDATE current_timestamp(),
  `discount` decimal(10,2) NOT NULL,
  `cash_tendered` decimal(10,2) NOT NULL,
  `amount_due` decimal(10,2) NOT NULL,
  `balance` decimal(10,2) NOT NULL,
  `total` decimal(10,2) NOT NULL,
  `status` int(1) NOT NULL DEFAULT 1,
  `type` tinyint(4) NOT NULL,
  PRIMARY KEY (`id`),
  KEY `user_id` (`user_id`),
  CONSTRAINT `user_id_fk_tl` FOREIGN KEY (`user_id`) REFERENCES `users` (`id`) ON DELETE CASCADE ON UPDATE NO ACTION
) ENGINE=InnoDB AUTO_INCREMENT=24 DEFAULT CHARSET=utf8mb4;

INSERT INTO transaction_list VALUES("1","1","2208060001","Ibrahim Osman","899.40","2022-08-06 22:21:30","2022-08-06 22:21:30","0.00","900.00","0.00","0.60","899.40","1","0");
INSERT INTO transaction_list VALUES("2","1","2208070001","","460.00","2022-08-07 22:12:13","2022-08-07 22:12:13","0.00","460.00","0.00","0.00","460.00","1","0");
INSERT INTO transaction_list VALUES("3","8","2208080001","Nana","478.00","2022-08-08 13:06:01","2022-08-08 13:06:01","0.00","478.00","0.00","0.00","478.00","1","0");
INSERT INTO transaction_list VALUES("4","1","2208080002","","124.00","2022-08-08 13:57:40","2022-08-08 13:57:40","0.00","125.00","0.00","1.00","124.00","1","0");
INSERT INTO transaction_list VALUES("5","1","2208090001","","350.00","2022-08-09 20:45:50","2022-08-09 20:45:50","0.00","350.00","0.00","0.00","350.00","1","0");
INSERT INTO transaction_list VALUES("7","1","2208090003","","498.00","2022-08-09 22:25:20","2022-08-09 22:25:20","0.00","498.00","0.00","0.00","498.00","1","0");
INSERT INTO transaction_list VALUES("9","1","2208100001","","196.00","2022-08-10 01:10:47","2022-08-10 01:10:47","0.00","196.00","0.00","0.00","196.00","1","0");
INSERT INTO transaction_list VALUES("10","1","2208100002","","182.00","2022-08-10 14:20:18","2022-08-10 14:20:18","0.00","182.00","0.00","0.00","182.00","1","0");
INSERT INTO transaction_list VALUES("11","1","2208100003","Yahaya","303.00","2022-08-10 14:36:13","2022-08-10 14:36:13","0.00","304.00","0.00","1.00","303.00","1","0");
INSERT INTO transaction_list VALUES("12","1","2208100004","","141.00","2022-08-10 16:05:09","2022-08-10 16:05:09","0.00","141.00","0.00","0.00","141.00","1","0");
INSERT INTO transaction_list VALUES("13","1","2208100005","Ibrahim Osman","432.00","2022-08-10 22:34:51","2022-08-10 22:34:51","0.00","432.00","0.00","0.00","432.00","1","0");
INSERT INTO transaction_list VALUES("14","1","2208110001","","162.00","2022-08-11 13:07:00","2022-08-11 13:07:00","0.00","162.00","0.00","0.00","162.00","1","0");
INSERT INTO transaction_list VALUES("15","8","2208110002","","293.00","2022-08-11 13:09:48","2022-08-11 13:09:48","0.00","293.00","0.00","0.00","293.00","1","0");
INSERT INTO transaction_list VALUES("19","1","2208110003","","505.00","2022-08-11 21:20:15","2022-08-11 21:20:15","0.00","505.00","0.00","0.00","505.00","1","1");
INSERT INTO transaction_list VALUES("20","1","2208110004","","158.00","2022-08-11 22:06:01","2022-08-11 22:06:01","0.00","158.00","0.00","0.00","158.00","1","1");
INSERT INTO transaction_list VALUES("21","1","2208120001","","470.00","2022-08-12 04:40:39","2022-08-12 04:40:39","0.00","470.00","0.00","0.00","470.00","1","1");
INSERT INTO transaction_list VALUES("23","1","2208150001","196","196.00","2022-08-15 03:10:09","2022-08-15 03:10:09","0.00","196.00","0.00","0.00","196.00","1","1");



CREATE TABLE `transaction_products` (
  `id` int(11) NOT NULL AUTO_INCREMENT,
  `transaction_id` int(30) NOT NULL,
  `product_id` int(30) NOT NULL,
  `qty` int(11) NOT NULL DEFAULT 0,
  `price` float(15,2) NOT NULL DEFAULT 0.00,
  PRIMARY KEY (`id`),
  KEY `transaction_id` (`transaction_id`),
  KEY `service_id` (`product_id`)
) ENGINE=InnoDB AUTO_INCREMENT=68 DEFAULT CHARSET=utf8mb4;

INSERT INTO transaction_products VALUES("1","1","2","2","60.00");
INSERT INTO transaction_products VALUES("2","1","5","2","94.00");
INSERT INTO transaction_products VALUES("3","1","6","2","34.00");
INSERT INTO transaction_products VALUES("4","1","4","2","64.00");
INSERT INTO transaction_products VALUES("5","1","15","2","1.20");
INSERT INTO transaction_products VALUES("6","1","22","3","19.00");
INSERT INTO transaction_products VALUES("7","1","30","3","98.00");
INSERT INTO transaction_products VALUES("8","1","41","3","14.00");
INSERT INTO transaction_products VALUES("9","2","3","2","38.00");
INSERT INTO transaction_products VALUES("10","2","5","3","94.00");
INSERT INTO transaction_products VALUES("11","2","6","3","34.00");
INSERT INTO transaction_products VALUES("12","3","4","2","64.00");
INSERT INTO transaction_products VALUES("13","3","6","2","34.00");
INSERT INTO transaction_products VALUES("14","3","5","3","94.00");
INSERT INTO transaction_products VALUES("15","4","2","1","60.00");
INSERT INTO transaction_products VALUES("16","4","4","1","64.00");
INSERT INTO transaction_products VALUES("17","5","4","2","64.00");
INSERT INTO transaction_products VALUES("18","5","6","1","34.00");
INSERT INTO transaction_products VALUES("19","5","5","2","94.00");
INSERT INTO transaction_products VALUES("20","6","315","5","17.00");
INSERT INTO transaction_products VALUES("21","6","509","3","7.00");
INSERT INTO transaction_products VALUES("22","6","617","3","28.00");
INSERT INTO transaction_products VALUES("23","7","3","3","38.00");
INSERT INTO transaction_products VALUES("24","7","5","3","94.00");
INSERT INTO transaction_products VALUES("25","7","6","3","34.00");
INSERT INTO transaction_products VALUES("26","8","3","1","38.00");
INSERT INTO transaction_products VALUES("27","8","2","1","60.00");
INSERT INTO transaction_products VALUES("28","8","6","1","34.00");
INSERT INTO transaction_products VALUES("29","9","4","2","64.00");
INSERT INTO transaction_products VALUES("30","9","6","2","34.00");
INSERT INTO transaction_products VALUES("31","10","4","2","64.00");
INSERT INTO transaction_products VALUES("32","10","10","3","9.00");
INSERT INTO transaction_products VALUES("33","10","14","3","9.00");
INSERT INTO transaction_products VALUES("34","11","4","3","64.00");
INSERT INTO transaction_products VALUES("35","11","6","3","34.00");
INSERT INTO transaction_products VALUES("36","11","13","2","1.50");
INSERT INTO transaction_products VALUES("37","11","16","2","3.00");
INSERT INTO transaction_products VALUES("38","12","5","1","94.00");
INSERT INTO transaction_products VALUES("39","12","3","1","38.00");
INSERT INTO transaction_products VALUES("40","12","10","1","9.00");
INSERT INTO transaction_products VALUES("41","13","5","2","94.00");
INSERT INTO transaction_products VALUES("42","13","3","5","38.00");
INSERT INTO transaction_products VALUES("43","13","1","3","18.00");
INSERT INTO transaction_products VALUES("44","14","5","1","94.00");
INSERT INTO transaction_products VALUES("45","14","6","2","34.00");
INSERT INTO transaction_products VALUES("46","15","5","3","94.00");
INSERT INTO transaction_products VALUES("47","15","88","1","11.00");
INSERT INTO transaction_products VALUES("48","16","4","1","64.00");
INSERT INTO transaction_products VALUES("49","16","6","1","34.00");
INSERT INTO transaction_products VALUES("50","17","4","1","64.00");
INSERT INTO transaction_products VALUES("51","17","6","1","34.00");
INSERT INTO transaction_products VALUES("52","18","4","1","64.00");
INSERT INTO transaction_products VALUES("53","18","6","1","34.00");
INSERT INTO transaction_products VALUES("54","19","3","3","38.00");
INSERT INTO transaction_products VALUES("55","19","5","2","94.00");
INSERT INTO transaction_products VALUES("56","19","2","2","60.00");
INSERT INTO transaction_products VALUES("57","19","6","1","34.00");
INSERT INTO transaction_products VALUES("58","19","162","1","49.00");
INSERT INTO transaction_products VALUES("59","20","4","1","64.00");
INSERT INTO transaction_products VALUES("60","20","5","1","94.00");
INSERT INTO transaction_products VALUES("61","21","2","3","60.00");
INSERT INTO transaction_products VALUES("62","21","5","2","94.00");
INSERT INTO transaction_products VALUES("63","21","6","3","34.00");
INSERT INTO transaction_products VALUES("64","22","376","3","6.00");
INSERT INTO transaction_products VALUES("65","22","527","2","10.00");
INSERT INTO transaction_products VALUES("66","23","4","2","64.00");
INSERT INTO transaction_products VALUES("67","23","6","2","34.00");



CREATE TABLE `transaction_services` (
  `id` int(11) NOT NULL AUTO_INCREMENT,
  `transaction_id` int(30) NOT NULL,
  `service_id` int(30) NOT NULL,
  `price` float(15,2) NOT NULL DEFAULT 0.00,
  PRIMARY KEY (`id`),
  KEY `transaction_id` (`transaction_id`),
  KEY `service_id` (`service_id`),
  CONSTRAINT `service_id_fk_ts` FOREIGN KEY (`service_id`) REFERENCES `service_list` (`id`) ON DELETE CASCADE ON UPDATE NO ACTION
) ENGINE=InnoDB AUTO_INCREMENT=60 DEFAULT CHARSET=utf8mb4;

INSERT INTO transaction_services VALUES("21","117","2","0.00");
INSERT INTO transaction_services VALUES("22","117","4","0.00");
INSERT INTO transaction_services VALUES("23","117","5","0.00");
INSERT INTO transaction_services VALUES("24","118","4","0.00");
INSERT INTO transaction_services VALUES("25","118","5","0.00");
INSERT INTO transaction_services VALUES("26","119","4","0.00");
INSERT INTO transaction_services VALUES("27","119","5","0.00");
INSERT INTO transaction_services VALUES("28","119","3","0.00");
INSERT INTO transaction_services VALUES("29","120","4","0.00");
INSERT INTO transaction_services VALUES("30","120","6","0.00");
INSERT INTO transaction_services VALUES("31","122","3","0.00");
INSERT INTO transaction_services VALUES("32","122","2","0.00");
INSERT INTO transaction_services VALUES("33","123","5","0.00");
INSERT INTO transaction_services VALUES("34","124","4","0.00");
INSERT INTO transaction_services VALUES("35","125","2","0.00");
INSERT INTO transaction_services VALUES("36","126","4","0.00");
INSERT INTO transaction_services VALUES("37","126","5","0.00");
INSERT INTO transaction_services VALUES("38","126","3","0.00");
INSERT INTO transaction_services VALUES("39","127","4","0.00");
INSERT INTO transaction_services VALUES("40","127","5","0.00");
INSERT INTO transaction_services VALUES("41","128","3","0.00");
INSERT INTO transaction_services VALUES("42","128","4","0.00");
INSERT INTO transaction_services VALUES("43","128","1","0.00");
INSERT INTO transaction_services VALUES("44","130","2","0.00");
INSERT INTO transaction_services VALUES("45","130","1","0.00");
INSERT INTO transaction_services VALUES("46","130","4","0.00");
INSERT INTO transaction_services VALUES("47","131","3","0.00");
INSERT INTO transaction_services VALUES("48","131","5","0.00");
INSERT INTO transaction_services VALUES("49","131","6","0.00");
INSERT INTO transaction_services VALUES("50","132","3","0.00");
INSERT INTO transaction_services VALUES("51","132","5","0.00");
INSERT INTO transaction_services VALUES("52","132","6","0.00");
INSERT INTO transaction_services VALUES("53","134","2","0.00");
INSERT INTO transaction_services VALUES("54","134","5","0.00");
INSERT INTO transaction_services VALUES("55","135","4","0.00");
INSERT INTO transaction_services VALUES("56","136","1","0.00");
INSERT INTO transaction_services VALUES("57","136","3","0.00");
INSERT INTO transaction_services VALUES("58","137","4","0.00");
INSERT INTO transaction_services VALUES("59","137","5","0.00");



CREATE TABLE `users` (
  `id` int(50) NOT NULL AUTO_INCREMENT,
  `firstname` varchar(250) NOT NULL,
  `lastname` varchar(250) NOT NULL,
  `username` text NOT NULL,
  `password` text NOT NULL,
  `avatar` text DEFAULT NULL,
  `last_login` datetime DEFAULT NULL,
  `type` tinyint(1) NOT NULL DEFAULT 0,
  `date_created` datetime NOT NULL DEFAULT current_timestamp(),
  `date_updated` datetime DEFAULT current_timestamp() ON UPDATE current_timestamp(),
  PRIMARY KEY (`id`)
) ENGINE=InnoDB AUTO_INCREMENT=9 DEFAULT CHARSET=utf8mb4;

INSERT INTO users VALUES("1","Yahaya","Osman","admin","5136b96817648b5b81008f6a984284a7","uploads/avatars/1.png?v=1652954167","","1","2021-01-20 14:02:37","2022-08-09 22:36:06");
INSERT INTO users VALUES("8","Yahaya","Wunam","user","2a33a3553c5eb270ef8539bad6cb85d9","","","2","2022-08-08 13:00:23","2022-08-09 22:35:18");

